Copyright 1986-2022 Xilinx, Inc. All Rights Reserved. Copyright 2022-2023 Advanced Micro Devices, Inc. All Rights Reserved.
---------------------------------------------------------------------------------------------------------------------------------------------
| Tool Version : Vivado v.2023.2 (win64) Build 4029153 Fri Oct 13 20:14:34 MDT 2023
| Date         : Thu Jul 23 11:55:38 2026
| Host         : ECE-OP7010PC2 running 64-bit major release  (build 9200)
| Command      : report_timing_summary -file final_timing_summary.rpt
| Design       : top
| Device       : 7vx690t-ffg1761
| Speed File   : -2  PRODUCTION 1.11 2014-09-11
| Design State : Routed
---------------------------------------------------------------------------------------------------------------------------------------------

Timing Summary Report

------------------------------------------------------------------------------------------------
| Timer Settings
| --------------
------------------------------------------------------------------------------------------------

  Enable Multi Corner Analysis               :  Yes
  Enable Pessimism Removal                   :  Yes
  Pessimism Removal Resolution               :  Nearest Common Node
  Enable Input Delay Default Clock           :  No
  Enable Preset / Clear Arcs                 :  No
  Disable Flight Delays                      :  No
  Ignore I/O Paths                           :  No
  Timing Early Launch at Borrowing Latches   :  No
  Borrow Time for Max Delay Exceptions       :  Yes
  Merge Timing Exceptions                    :  Yes
  Inter-SLR Compensation                     :  Conservative

  Corner  Analyze    Analyze    
  Name    Max Paths  Min Paths  
  ------  ---------  ---------  
  Slow    Yes        Yes        
  Fast    Yes        Yes        


------------------------------------------------------------------------------------------------
| Report Methodology
| ------------------
------------------------------------------------------------------------------------------------

Rule       Severity  Description                    Violations  
---------  --------  -----------------------------  ----------  
LUTAR-1    Warning   LUT drives async reset alert   4           
TIMING-18  Warning   Missing input or output delay  9           

Note: This report is based on the most recent report_methodology run and may not be up-to-date. Run report_methodology on the current design for the latest report.



check_timing report

Table of Contents
-----------------
1. checking no_clock (0)
2. checking constant_clock (0)
3. checking pulse_width_clock (0)
4. checking unconstrained_internal_endpoints (0)
5. checking no_input_delay (1)
6. checking no_output_delay (4)
7. checking multiple_clock (0)
8. checking generated_clocks (0)
9. checking loops (0)
10. checking partial_input_delay (0)
11. checking partial_output_delay (0)
12. checking latch_loops (0)

1. checking no_clock (0)
------------------------
 There are 0 register/latch pins with no clock.


2. checking constant_clock (0)
------------------------------
 There are 0 register/latch pins with constant_clock.


3. checking pulse_width_clock (0)
---------------------------------
 There are 0 register/latch pins which need pulse_width check


4. checking unconstrained_internal_endpoints (0)
------------------------------------------------
 There are 0 pins that are not constrained for maximum delay.

 There are 0 pins that are not constrained for maximum delay due to constant clock.


5. checking no_input_delay (1)
------------------------------
 There is 1 input port with no input delay specified. (HIGH)

 There are 0 input ports with no input delay but user has a false path constraint.


6. checking no_output_delay (4)
-------------------------------
 There are 4 ports with no output delay specified. (HIGH)

 There are 0 ports with no output delay but user has a false path constraint

 There are 0 ports with no output delay but with a timing clock defined on it or propagating through it


7. checking multiple_clock (0)
------------------------------
 There are 0 register/latch pins with multiple clocks.


8. checking generated_clocks (0)
--------------------------------
 There are 0 generated clocks that are not connected to a clock source.


9. checking loops (0)
---------------------
 There are 0 combinational loops in the design.


10. checking partial_input_delay (0)
------------------------------------
 There are 0 input ports with partial input delay specified.


11. checking partial_output_delay (0)
-------------------------------------
 There are 0 ports with partial output delay specified.


12. checking latch_loops (0)
----------------------------
 There are 0 combinational latch loops in the design through latch input



------------------------------------------------------------------------------------------------
| Design Timing Summary
| ---------------------
------------------------------------------------------------------------------------------------

    WNS(ns)      TNS(ns)  TNS Failing Endpoints  TNS Total Endpoints      WHS(ns)      THS(ns)  THS Failing Endpoints  THS Total Endpoints     WPWS(ns)     TPWS(ns)  TPWS Failing Endpoints  TPWS Total Endpoints  
    -------      -------  ---------------------  -------------------      -------      -------  ---------------------  -------------------     --------     --------  ----------------------  --------------------  
      0.342        0.000                      0                 4022        0.059        0.000                      0                 4010        0.272        0.000                       0                  2052  


All user specified timing constraints are met.


------------------------------------------------------------------------------------------------
| Clock Summary
| -------------
------------------------------------------------------------------------------------------------

Clock                                                                                                                   Waveform(ns)         Period(ns)      Frequency(MHz)
-----                                                                                                                   ------------         ----------      --------------
gt_refclk_p                                                                                                             {0.000 3.200}        6.400           156.250         
pcs_pma/inst/ten_gig_eth_pcs_pma_block_i/gt0_gtwizard_10gbaser_multi_gt_i/gt0_gtwizard_gth_10gbaser_i/gthe2_i/RXOUTCLK  {0.000 1.551}        3.103           322.269         
pcs_pma/inst/ten_gig_eth_pcs_pma_block_i/gt0_gtwizard_10gbaser_multi_gt_i/gt0_gtwizard_gth_10gbaser_i/gthe2_i/TXOUTCLK  {0.000 1.551}        3.103           322.269         
si570_156m25                                                                                                            {0.000 3.200}        6.400           156.250         
sysclk_200                                                                                                              {0.000 2.500}        5.000           200.000         
  clk_100_unbuffered                                                                                                    {0.000 5.000}        10.000          100.000         
  clkfb_unbuffered                                                                                                      {0.000 2.500}        5.000           200.000         


------------------------------------------------------------------------------------------------
| Intra Clock Table
| -----------------
------------------------------------------------------------------------------------------------

Clock                                                                                                                       WNS(ns)      TNS(ns)  TNS Failing Endpoints  TNS Total Endpoints      WHS(ns)      THS(ns)  THS Failing Endpoints  THS Total Endpoints     WPWS(ns)     TPWS(ns)  TPWS Failing Endpoints  TPWS Total Endpoints  
-----                                                                                                                       -------      -------  ---------------------  -------------------      -------      -------  ---------------------  -------------------     --------     --------  ----------------------  --------------------  
gt_refclk_p                                                                                                                   2.842        0.000                      0                 1977        0.059        0.000                      0                 1977        2.432        0.000                       0                  1025  
pcs_pma/inst/ten_gig_eth_pcs_pma_block_i/gt0_gtwizard_10gbaser_multi_gt_i/gt0_gtwizard_gth_10gbaser_i/gthe2_i/RXOUTCLK        0.342        0.000                      0                 1489        0.106        0.000                      0                 1489        0.272        0.000                       0                   774  
pcs_pma/inst/ten_gig_eth_pcs_pma_block_i/gt0_gtwizard_10gbaser_multi_gt_i/gt0_gtwizard_gth_10gbaser_i/gthe2_i/TXOUTCLK        0.672        0.000                      0                  341        0.095        0.000                      0                  341        0.272        0.000                       0                   205  
sysclk_200                                                                                                                                                                                                                                                                1.100        0.000                       0                     1  
  clk_100_unbuffered                                                                                                          7.481        0.000                      0                   44        0.108        0.000                      0                   44        4.286        0.000                       0                    44  
  clkfb_unbuffered                                                                                                                                                                                                                                                        3.592        0.000                       0                     3  


------------------------------------------------------------------------------------------------
| Inter Clock Table
| -----------------
------------------------------------------------------------------------------------------------

From Clock                                                                                                              To Clock                                                                                                                    WNS(ns)      TNS(ns)  TNS Failing Endpoints  TNS Total Endpoints      WHS(ns)      THS(ns)  THS Failing Endpoints  THS Total Endpoints  
----------                                                                                                              --------                                                                                                                    -------      -------  ---------------------  -------------------      -------      -------  ---------------------  -------------------  
pcs_pma/inst/ten_gig_eth_pcs_pma_block_i/gt0_gtwizard_10gbaser_multi_gt_i/gt0_gtwizard_gth_10gbaser_i/gthe2_i/TXOUTCLK  gt_refclk_p                                                                                                                   2.453        0.000                      0                    5                                                                        
gt_refclk_p                                                                                                             pcs_pma/inst/ten_gig_eth_pcs_pma_block_i/gt0_gtwizard_10gbaser_multi_gt_i/gt0_gtwizard_gth_10gbaser_i/gthe2_i/RXOUTCLK        2.423        0.000                      0                    2                                                                        
gt_refclk_p                                                                                                             pcs_pma/inst/ten_gig_eth_pcs_pma_block_i/gt0_gtwizard_10gbaser_multi_gt_i/gt0_gtwizard_gth_10gbaser_i/gthe2_i/TXOUTCLK        5.831        0.000                      0                    5                                                                        
gt_refclk_p                                                                                                             clk_100_unbuffered                                                                                                            2.445        0.000                      0                    1                                                                        


------------------------------------------------------------------------------------------------
| Other Path Groups Table
| -----------------------
------------------------------------------------------------------------------------------------

Path Group                                                                                                              From Clock                                                                                                              To Clock                                                                                                                    WNS(ns)      TNS(ns)  TNS Failing Endpoints  TNS Total Endpoints      WHS(ns)      THS(ns)  THS Failing Endpoints  THS Total Endpoints  
----------                                                                                                              ----------                                                                                                              --------                                                                                                                    -------      -------  ---------------------  -------------------      -------      -------  ---------------------  -------------------  
**async_default**                                                                                                       gt_refclk_p                                                                                                             gt_refclk_p                                                                                                                   2.762        0.000                      0                  158        0.999        0.000                      0                  158  
**async_default**                                                                                                       pcs_pma/inst/ten_gig_eth_pcs_pma_block_i/gt0_gtwizard_10gbaser_multi_gt_i/gt0_gtwizard_gth_10gbaser_i/gthe2_i/TXOUTCLK  pcs_pma/inst/ten_gig_eth_pcs_pma_block_i/gt0_gtwizard_10gbaser_multi_gt_i/gt0_gtwizard_gth_10gbaser_i/gthe2_i/TXOUTCLK        2.104        0.000                      0                    1        0.352        0.000                      0                    1  


------------------------------------------------------------------------------------------------
| Timing Details
| --------------
------------------------------------------------------------------------------------------------


---------------------------------------------------------------------------------------------------
From Clock:  gt_refclk_p
  To Clock:  gt_refclk_p

Setup :            0  Failing Endpoints,  Worst Slack        2.842ns,  Total Violation        0.000ns
Hold  :            0  Failing Endpoints,  Worst Slack        0.059ns,  Total Violation        0.000ns
PW    :            0  Failing Endpoints,  Worst Slack        2.432ns,  Total Violation        0.000ns
---------------------------------------------------------------------------------------------------


Max Delay Paths
--------------------------------------------------------------------------------------
Slack (MET) :             2.842ns  (required time - arrival time)
  Source:                 pcs_pma/inst/ten_gig_eth_pcs_pma_block_i/ten_gig_eth_pcs_pma_0_core/ten_gig_eth_pcs_pma_inst/G_IS_BASER.ten_gig_eth_pcs_pma_inst/BASER.ten_gig_eth_pcs_pma_inst/xgmii_txd_reg_reg[21]/C
                            (rising edge-triggered cell FDRE clocked by gt_refclk_p  {rise@0.000ns fall@3.200ns period=6.400ns})
  Destination:            pcs_pma/inst/ten_gig_eth_pcs_pma_block_i/ten_gig_eth_pcs_pma_0_core/ten_gig_eth_pcs_pma_inst/G_IS_BASER.ten_gig_eth_pcs_pma_inst/BASER.ten_gig_eth_pcs_pma_inst/pcs_top_i/tx_pcs_i/tx_encoder_i/tx_xgmii_valid_code_reg[5]/R
                            (rising edge-triggered cell FDRE clocked by gt_refclk_p  {rise@0.000ns fall@3.200ns period=6.400ns})
  Path Group:             gt_refclk_p
  Path Type:              Setup (Max at Slow Process Corner)
  Requirement:            6.400ns  (gt_refclk_p rise@6.400ns - gt_refclk_p rise@0.000ns)
  Data Path Delay:        2.926ns  (logic 0.352ns (12.030%)  route 2.574ns (87.970%))
  Logic Levels:           3  (LUT5=1 LUT6=2)
  Clock Path Skew:        -0.293ns (DCD - SCD + CPR)
    Destination Clock Delay (DCD):    4.906ns = ( 11.306 - 6.400 ) 
    Source Clock Delay      (SCD):    6.298ns
    Clock Pessimism Removal (CPR):    1.099ns
  Clock Uncertainty:      0.035ns  ((TSJ^2 + TIJ^2)^1/2 + DJ) / 2 + PE
    Total System Jitter     (TSJ):    0.071ns
    Total Input Jitter      (TIJ):    0.000ns
    Discrete Jitter          (DJ):    0.000ns
    Phase Error              (PE):    0.000ns

    Location             Delay type                Incr(ns)  Path(ns)    Netlist Resource(s)
  -------------------------------------------------------------------    -------------------
                         (clock gt_refclk_p rise edge)
                                                      0.000     0.000 r  
    AK8                                               0.000     0.000 r  gt_refclk_p (IN)
                         net (fo=0)                   0.000     0.000    pcs_pma/inst/ten_gig_eth_pcs_pma_shared_clock_reset_block/refclk_p
    AK8                  IBUF (Prop_ibuf_I_O)         0.000     0.000 r  pcs_pma/inst/ten_gig_eth_pcs_pma_shared_clock_reset_block/refclk_p_buf/O
                         net (fo=1, routed)           0.000     0.000    pcs_pma/inst/ten_gig_eth_pcs_pma_shared_clock_reset_block/refclk_p_buffed
    IBUFDS_GTE2_X1Y7     IBUFDS_GTE2 (Prop_ibufds_gte2_I_O)
                                                      2.355     2.355 r  pcs_pma/inst/ten_gig_eth_pcs_pma_shared_clock_reset_block/ibufds_inst/O
                         net (fo=2, routed)           2.024     4.379    pcs_pma/inst/ten_gig_eth_pcs_pma_shared_clock_reset_block/refclk
    BUFGCTRL_X0Y1        BUFG (Prop_bufg_I_O)         0.093     4.472 r  pcs_pma/inst/ten_gig_eth_pcs_pma_shared_clock_reset_block/coreclk_bufg_inst/O
                         net (fo=1022, routed)        1.826     6.298    pcs_pma/inst/ten_gig_eth_pcs_pma_block_i/ten_gig_eth_pcs_pma_0_core/ten_gig_eth_pcs_pma_inst/G_IS_BASER.ten_gig_eth_pcs_pma_inst/BASER.ten_gig_eth_pcs_pma_inst/coreclk
    SLICE_X199Y137       FDRE                                         r  pcs_pma/inst/ten_gig_eth_pcs_pma_block_i/ten_gig_eth_pcs_pma_0_core/ten_gig_eth_pcs_pma_inst/G_IS_BASER.ten_gig_eth_pcs_pma_inst/BASER.ten_gig_eth_pcs_pma_inst/xgmii_txd_reg_reg[21]/C
  -------------------------------------------------------------------    -------------------
    SLICE_X199Y137       FDRE (Prop_fdre_C_Q)         0.223     6.521 r  pcs_pma/inst/ten_gig_eth_pcs_pma_block_i/ten_gig_eth_pcs_pma_0_core/ten_gig_eth_pcs_pma_inst/G_IS_BASER.ten_gig_eth_pcs_pma_inst/BASER.ten_gig_eth_pcs_pma_inst/xgmii_txd_reg_reg[21]/Q
                         net (fo=5, routed)           0.877     7.399    pcs_pma/inst/ten_gig_eth_pcs_pma_block_i/ten_gig_eth_pcs_pma_0_core/ten_gig_eth_pcs_pma_inst/G_IS_BASER.ten_gig_eth_pcs_pma_inst/BASER.ten_gig_eth_pcs_pma_inst/pcs_top_i/tx_pcs_i/tx_encoder_i/tx_xgmii_data_reg2_reg[63]_0[21]
    SLICE_X206Y136       LUT6 (Prop_lut6_I2_O)        0.043     7.442 r  pcs_pma/inst/ten_gig_eth_pcs_pma_block_i/ten_gig_eth_pcs_pma_0_core/ten_gig_eth_pcs_pma_inst/G_IS_BASER.ten_gig_eth_pcs_pma_inst/BASER.ten_gig_eth_pcs_pma_inst/pcs_top_i/tx_pcs_i/tx_encoder_i/tx_xgmii_valid_code[7]_i_16/O
                         net (fo=2, routed)           0.758     8.199    pcs_pma/inst/ten_gig_eth_pcs_pma_block_i/ten_gig_eth_pcs_pma_0_core/ten_gig_eth_pcs_pma_inst/G_IS_BASER.ten_gig_eth_pcs_pma_inst/BASER.ten_gig_eth_pcs_pma_inst/pcs_top_i/tx_pcs_i/tx_encoder_i/tx_xgmii_valid_code70_in
    SLICE_X196Y143       LUT6 (Prop_lut6_I5_O)        0.043     8.242 r  pcs_pma/inst/ten_gig_eth_pcs_pma_block_i/ten_gig_eth_pcs_pma_0_core/ten_gig_eth_pcs_pma_inst/G_IS_BASER.ten_gig_eth_pcs_pma_inst/BASER.ten_gig_eth_pcs_pma_inst/pcs_top_i/tx_pcs_i/tx_encoder_i/tx_xgmii_valid_code[7]_i_5/O
                         net (fo=1, routed)           0.284     8.526    pcs_pma/inst/ten_gig_eth_pcs_pma_block_i/ten_gig_eth_pcs_pma_0_core/ten_gig_eth_pcs_pma_inst/G_IS_BASER.ten_gig_eth_pcs_pma_inst/BASER.ten_gig_eth_pcs_pma_inst/pcs_top_i/tx_pcs_i/tx_encoder_i/tx_xgmii_valid_code[7]_i_5_n_0
    SLICE_X198Y143       LUT5 (Prop_lut5_I2_O)        0.043     8.569 r  pcs_pma/inst/ten_gig_eth_pcs_pma_block_i/ten_gig_eth_pcs_pma_0_core/ten_gig_eth_pcs_pma_inst/G_IS_BASER.ten_gig_eth_pcs_pma_inst/BASER.ten_gig_eth_pcs_pma_inst/pcs_top_i/tx_pcs_i/tx_encoder_i/tx_xgmii_valid_code[7]_i_1/O
                         net (fo=8, routed)           0.655     9.224    pcs_pma/inst/ten_gig_eth_pcs_pma_block_i/ten_gig_eth_pcs_pma_0_core/ten_gig_eth_pcs_pma_inst/G_IS_BASER.ten_gig_eth_pcs_pma_inst/BASER.ten_gig_eth_pcs_pma_inst/pcs_top_i/tx_pcs_i/tx_encoder_i/tx_xgmii_valid_code1__11
    SLICE_X198Y150       FDRE                                         r  pcs_pma/inst/ten_gig_eth_pcs_pma_block_i/ten_gig_eth_pcs_pma_0_core/ten_gig_eth_pcs_pma_inst/G_IS_BASER.ten_gig_eth_pcs_pma_inst/BASER.ten_gig_eth_pcs_pma_inst/pcs_top_i/tx_pcs_i/tx_encoder_i/tx_xgmii_valid_code_reg[5]/R
  -------------------------------------------------------------------    -------------------

                         (clock gt_refclk_p rise edge)
                                                      6.400     6.400 r  
    AK8                                               0.000     6.400 r  gt_refclk_p (IN)
                         net (fo=0)                   0.000     6.400    pcs_pma/inst/ten_gig_eth_pcs_pma_shared_clock_reset_block/refclk_p
    AK8                  IBUF (Prop_ibuf_I_O)         0.000     6.400 r  pcs_pma/inst/ten_gig_eth_pcs_pma_shared_clock_reset_block/refclk_p_buf/O
                         net (fo=1, routed)           0.000     6.400    pcs_pma/inst/ten_gig_eth_pcs_pma_shared_clock_reset_block/refclk_p_buffed
    IBUFDS_GTE2_X1Y7     IBUFDS_GTE2 (Prop_ibufds_gte2_I_O)
                                                      1.418     7.818 r  pcs_pma/inst/ten_gig_eth_pcs_pma_shared_clock_reset_block/ibufds_inst/O
                         net (fo=2, routed)           1.887     9.705    pcs_pma/inst/ten_gig_eth_pcs_pma_shared_clock_reset_block/refclk
    BUFGCTRL_X0Y1        BUFG (Prop_bufg_I_O)         0.083     9.788 r  pcs_pma/inst/ten_gig_eth_pcs_pma_shared_clock_reset_block/coreclk_bufg_inst/O
                         net (fo=1022, routed)        1.518    11.306    pcs_pma/inst/ten_gig_eth_pcs_pma_block_i/ten_gig_eth_pcs_pma_0_core/ten_gig_eth_pcs_pma_inst/G_IS_BASER.ten_gig_eth_pcs_pma_inst/BASER.ten_gig_eth_pcs_pma_inst/pcs_top_i/tx_pcs_i/tx_encoder_i/coreclk
    SLICE_X198Y150       FDRE                                         r  pcs_pma/inst/ten_gig_eth_pcs_pma_block_i/ten_gig_eth_pcs_pma_0_core/ten_gig_eth_pcs_pma_inst/G_IS_BASER.ten_gig_eth_pcs_pma_inst/BASER.ten_gig_eth_pcs_pma_inst/pcs_top_i/tx_pcs_i/tx_encoder_i/tx_xgmii_valid_code_reg[5]/C
                         clock pessimism              1.099    12.405    
                         clock uncertainty           -0.035    12.370    
    SLICE_X198Y150       FDRE (Setup_fdre_C_R)       -0.304    12.066    pcs_pma/inst/ten_gig_eth_pcs_pma_block_i/ten_gig_eth_pcs_pma_0_core/ten_gig_eth_pcs_pma_inst/G_IS_BASER.ten_gig_eth_pcs_pma_inst/BASER.ten_gig_eth_pcs_pma_inst/pcs_top_i/tx_pcs_i/tx_encoder_i/tx_xgmii_valid_code_reg[5]
  -------------------------------------------------------------------
                         required time                         12.066    
                         arrival time                          -9.224    
  -------------------------------------------------------------------
                         slack                                  2.842    





Min Delay Paths
--------------------------------------------------------------------------------------
Slack (MET) :             0.059ns  (arrival time - required time)
  Source:                 pcs_pma/inst/ten_gig_eth_pcs_pma_block_i/ten_gig_eth_pcs_pma_0_core/ten_gig_eth_pcs_pma_inst/G_IS_BASER.ten_gig_eth_pcs_pma_inst/BASER.ten_gig_eth_pcs_pma_inst/pcs_top_i/tx_pcs_i/pcs_scramble_i/scr_reg_reg[2]/C
                            (rising edge-triggered cell FDRE clocked by gt_refclk_p  {rise@0.000ns fall@3.200ns period=6.400ns})
  Destination:            pcs_pma/inst/ten_gig_eth_pcs_pma_block_i/ten_gig_eth_pcs_pma_0_core/ten_gig_eth_pcs_pma_inst/G_IS_BASER.ten_gig_eth_pcs_pma_inst/BASER.ten_gig_eth_pcs_pma_inst/pcs_top_i/tx_pcs_i/pcs_scramble_i/scr_reg_reg[8]/D
                            (rising edge-triggered cell FDRE clocked by gt_refclk_p  {rise@0.000ns fall@3.200ns period=6.400ns})
  Path Group:             gt_refclk_p
  Path Type:              Hold (Min at Fast Process Corner)
  Requirement:            0.000ns  (gt_refclk_p rise@0.000ns - gt_refclk_p rise@0.000ns)
  Data Path Delay:        0.262ns  (logic 0.128ns (48.779%)  route 0.134ns (51.221%))
  Logic Levels:           1  (LUT3=1)
  Clock Path Skew:        0.143ns (DCD - SCD - CPR)
    Destination Clock Delay (DCD):    2.726ns
    Source Clock Delay      (SCD):    2.173ns
    Clock Pessimism Removal (CPR):    0.410ns

    Location             Delay type                Incr(ns)  Path(ns)    Netlist Resource(s)
  -------------------------------------------------------------------    -------------------
                         (clock gt_refclk_p rise edge)
                                                      0.000     0.000 r  
    AK8                                               0.000     0.000 r  gt_refclk_p (IN)
                         net (fo=0)                   0.000     0.000    pcs_pma/inst/ten_gig_eth_pcs_pma_shared_clock_reset_block/refclk_p
    AK8                  IBUF (Prop_ibuf_I_O)         0.000     0.000 r  pcs_pma/inst/ten_gig_eth_pcs_pma_shared_clock_reset_block/refclk_p_buf/O
                         net (fo=1, routed)           0.000     0.000    pcs_pma/inst/ten_gig_eth_pcs_pma_shared_clock_reset_block/refclk_p_buffed
    IBUFDS_GTE2_X1Y7     IBUFDS_GTE2 (Prop_ibufds_gte2_I_O)
                                                      0.441     0.441 r  pcs_pma/inst/ten_gig_eth_pcs_pma_shared_clock_reset_block/ibufds_inst/O
                         net (fo=2, routed)           0.901     1.342    pcs_pma/inst/ten_gig_eth_pcs_pma_shared_clock_reset_block/refclk
    BUFGCTRL_X0Y1        BUFG (Prop_bufg_I_O)         0.026     1.368 r  pcs_pma/inst/ten_gig_eth_pcs_pma_shared_clock_reset_block/coreclk_bufg_inst/O
                         net (fo=1022, routed)        0.805     2.173    pcs_pma/inst/ten_gig_eth_pcs_pma_block_i/ten_gig_eth_pcs_pma_0_core/ten_gig_eth_pcs_pma_inst/G_IS_BASER.ten_gig_eth_pcs_pma_inst/BASER.ten_gig_eth_pcs_pma_inst/pcs_top_i/tx_pcs_i/pcs_scramble_i/coreclk
    SLICE_X202Y149       FDRE                                         r  pcs_pma/inst/ten_gig_eth_pcs_pma_block_i/ten_gig_eth_pcs_pma_0_core/ten_gig_eth_pcs_pma_inst/G_IS_BASER.ten_gig_eth_pcs_pma_inst/BASER.ten_gig_eth_pcs_pma_inst/pcs_top_i/tx_pcs_i/pcs_scramble_i/scr_reg_reg[2]/C
  -------------------------------------------------------------------    -------------------
    SLICE_X202Y149       FDRE (Prop_fdre_C_Q)         0.100     2.273 r  pcs_pma/inst/ten_gig_eth_pcs_pma_block_i/ten_gig_eth_pcs_pma_0_core/ten_gig_eth_pcs_pma_inst/G_IS_BASER.ten_gig_eth_pcs_pma_inst/BASER.ten_gig_eth_pcs_pma_inst/pcs_top_i/tx_pcs_i/pcs_scramble_i/scr_reg_reg[2]/Q
                         net (fo=4, routed)           0.134     2.408    pcs_pma/inst/ten_gig_eth_pcs_pma_block_i/ten_gig_eth_pcs_pma_0_core/ten_gig_eth_pcs_pma_inst/G_IS_BASER.ten_gig_eth_pcs_pma_inst/BASER.ten_gig_eth_pcs_pma_inst/pcs_top_i/tx_pcs_i/pcs_scramble_i/p_0_in40_in
    SLICE_X201Y150       LUT3 (Prop_lut3_I2_O)        0.028     2.436 r  pcs_pma/inst/ten_gig_eth_pcs_pma_block_i/ten_gig_eth_pcs_pma_0_core/ten_gig_eth_pcs_pma_inst/G_IS_BASER.ten_gig_eth_pcs_pma_inst/BASER.ten_gig_eth_pcs_pma_inst/pcs_top_i/tx_pcs_i/pcs_scramble_i/scr_reg[8]_i_2/O
                         net (fo=1, routed)           0.000     2.436    pcs_pma/inst/ten_gig_eth_pcs_pma_block_i/ten_gig_eth_pcs_pma_0_core/ten_gig_eth_pcs_pma_inst/G_IS_BASER.ten_gig_eth_pcs_pma_inst/BASER.ten_gig_eth_pcs_pma_inst/pcs_top_i/tx_pcs_i/pcs_scramble_i/scr_reg[8]_i_2_n_0
    SLICE_X201Y150       FDRE                                         r  pcs_pma/inst/ten_gig_eth_pcs_pma_block_i/ten_gig_eth_pcs_pma_0_core/ten_gig_eth_pcs_pma_inst/G_IS_BASER.ten_gig_eth_pcs_pma_inst/BASER.ten_gig_eth_pcs_pma_inst/pcs_top_i/tx_pcs_i/pcs_scramble_i/scr_reg_reg[8]/D
  -------------------------------------------------------------------    -------------------

                         (clock gt_refclk_p rise edge)
                                                      0.000     0.000 r  
    AK8                                               0.000     0.000 r  gt_refclk_p (IN)
                         net (fo=0)                   0.000     0.000    pcs_pma/inst/ten_gig_eth_pcs_pma_shared_clock_reset_block/refclk_p
    AK8                  IBUF (Prop_ibuf_I_O)         0.000     0.000 r  pcs_pma/inst/ten_gig_eth_pcs_pma_shared_clock_reset_block/refclk_p_buf/O
                         net (fo=1, routed)           0.000     0.000    pcs_pma/inst/ten_gig_eth_pcs_pma_shared_clock_reset_block/refclk_p_buffed
    IBUFDS_GTE2_X1Y7     IBUFDS_GTE2 (Prop_ibufds_gte2_I_O)
                                                      0.732     0.732 r  pcs_pma/inst/ten_gig_eth_pcs_pma_shared_clock_reset_block/ibufds_inst/O
                         net (fo=2, routed)           0.988     1.720    pcs_pma/inst/ten_gig_eth_pcs_pma_shared_clock_reset_block/refclk
    BUFGCTRL_X0Y1        BUFG (Prop_bufg_I_O)         0.030     1.750 r  pcs_pma/inst/ten_gig_eth_pcs_pma_shared_clock_reset_block/coreclk_bufg_inst/O
                         net (fo=1022, routed)        0.976     2.726    pcs_pma/inst/ten_gig_eth_pcs_pma_block_i/ten_gig_eth_pcs_pma_0_core/ten_gig_eth_pcs_pma_inst/G_IS_BASER.ten_gig_eth_pcs_pma_inst/BASER.ten_gig_eth_pcs_pma_inst/pcs_top_i/tx_pcs_i/pcs_scramble_i/coreclk
    SLICE_X201Y150       FDRE                                         r  pcs_pma/inst/ten_gig_eth_pcs_pma_block_i/ten_gig_eth_pcs_pma_0_core/ten_gig_eth_pcs_pma_inst/G_IS_BASER.ten_gig_eth_pcs_pma_inst/BASER.ten_gig_eth_pcs_pma_inst/pcs_top_i/tx_pcs_i/pcs_scramble_i/scr_reg_reg[8]/C
                         clock pessimism             -0.410     2.316    
    SLICE_X201Y150       FDRE (Hold_fdre_C_D)         0.060     2.376    pcs_pma/inst/ten_gig_eth_pcs_pma_block_i/ten_gig_eth_pcs_pma_0_core/ten_gig_eth_pcs_pma_inst/G_IS_BASER.ten_gig_eth_pcs_pma_inst/BASER.ten_gig_eth_pcs_pma_inst/pcs_top_i/tx_pcs_i/pcs_scramble_i/scr_reg_reg[8]
  -------------------------------------------------------------------
                         required time                         -2.376    
                         arrival time                           2.436    
  -------------------------------------------------------------------
                         slack                                  0.059    





Pulse Width Checks
--------------------------------------------------------------------------------------
Clock Name:         gt_refclk_p
Waveform(ns):       { 0.000 3.200 }
Period(ns):         6.400
Sources:            { gt_refclk_p }

Check Type        Corner  Lib Pin     Reference Pin  Required(ns)  Actual(ns)  Slack(ns)  Location        Pin
Min Period        n/a     BUFG/I      n/a            1.408         6.400       4.992      BUFGCTRL_X0Y1   pcs_pma/inst/ten_gig_eth_pcs_pma_shared_clock_reset_block/coreclk_bufg_inst/I
Low Pulse Width   Slow    RAMD32/CLK  n/a            0.768         3.200       2.432      SLICE_X208Y148  pcs_pma/inst/ten_gig_eth_pcs_pma_block_i/ten_gig_eth_pcs_pma_0_core/ten_gig_eth_pcs_pma_inst/G_IS_BASER.ten_gig_eth_pcs_pma_inst/BASER.ten_gig_eth_pcs_pma_inst/G_7SERIES_TXFIFO.txratefifo_i/asynch_fifo_i/dp_ram_i/ten_gig_disti_ram_reg_0_31_0_5/RAMA/CLK
High Pulse Width  Slow    RAMD32/CLK  n/a            0.768         3.200       2.432      SLICE_X208Y148  pcs_pma/inst/ten_gig_eth_pcs_pma_block_i/ten_gig_eth_pcs_pma_0_core/ten_gig_eth_pcs_pma_inst/G_IS_BASER.ten_gig_eth_pcs_pma_inst/BASER.ten_gig_eth_pcs_pma_inst/G_7SERIES_TXFIFO.txratefifo_i/asynch_fifo_i/dp_ram_i/ten_gig_disti_ram_reg_0_31_0_5/RAMA/CLK



---------------------------------------------------------------------------------------------------
From Clock:  pcs_pma/inst/ten_gig_eth_pcs_pma_block_i/gt0_gtwizard_10gbaser_multi_gt_i/gt0_gtwizard_gth_10gbaser_i/gthe2_i/RXOUTCLK
  To Clock:  pcs_pma/inst/ten_gig_eth_pcs_pma_block_i/gt0_gtwizard_10gbaser_multi_gt_i/gt0_gtwizard_gth_10gbaser_i/gthe2_i/RXOUTCLK

Setup :            0  Failing Endpoints,  Worst Slack        0.342ns,  Total Violation        0.000ns
Hold  :            0  Failing Endpoints,  Worst Slack        0.106ns,  Total Violation        0.000ns
PW    :            0  Failing Endpoints,  Worst Slack        0.272ns,  Total Violation        0.000ns
---------------------------------------------------------------------------------------------------


Max Delay Paths
--------------------------------------------------------------------------------------
Slack (MET) :             0.342ns  (required time - arrival time)
  Source:                 pcs_pma/inst/ten_gig_eth_pcs_pma_block_i/ten_gig_eth_pcs_pma_0_core/ten_gig_eth_pcs_pma_inst/G_IS_BASER.ten_gig_eth_pcs_pma_inst/BASER.ten_gig_eth_pcs_pma_inst/pcs_top_i/rx_pcs_i/rx_66_enc_reg_reg[22]/C
                            (rising edge-triggered cell FDRE clocked by pcs_pma/inst/ten_gig_eth_pcs_pma_block_i/gt0_gtwizard_10gbaser_multi_gt_i/gt0_gtwizard_gth_10gbaser_i/gthe2_i/RXOUTCLK  {rise@0.000ns fall@1.551ns period=3.103ns})
  Destination:            pcs_pma/inst/ten_gig_eth_pcs_pma_block_i/ten_gig_eth_pcs_pma_0_core/ten_gig_eth_pcs_pma_inst/G_IS_BASER.ten_gig_eth_pcs_pma_inst/BASER.ten_gig_eth_pcs_pma_inst/pcs_top_i/rx_pcs_i/rx_decoder_i/mcp1_r_type_next_reg_reg[2]/D
                            (rising edge-triggered cell FDRE clocked by pcs_pma/inst/ten_gig_eth_pcs_pma_block_i/gt0_gtwizard_10gbaser_multi_gt_i/gt0_gtwizard_gth_10gbaser_i/gthe2_i/RXOUTCLK  {rise@0.000ns fall@1.551ns period=3.103ns})
  Path Group:             pcs_pma/inst/ten_gig_eth_pcs_pma_block_i/gt0_gtwizard_10gbaser_multi_gt_i/gt0_gtwizard_gth_10gbaser_i/gthe2_i/RXOUTCLK
  Path Type:              Setup (Max at Slow Process Corner)
  Requirement:            3.103ns  (pcs_pma/inst/ten_gig_eth_pcs_pma_block_i/gt0_gtwizard_10gbaser_multi_gt_i/gt0_gtwizard_gth_10gbaser_i/gthe2_i/RXOUTCLK rise@3.103ns - pcs_pma/inst/ten_gig_eth_pcs_pma_block_i/gt0_gtwizard_10gbaser_multi_gt_i/gt0_gtwizard_gth_10gbaser_i/gthe2_i/RXOUTCLK rise@0.000ns)
  Data Path Delay:        2.741ns  (logic 0.616ns (22.477%)  route 2.125ns (77.523%))
  Logic Levels:           6  (LUT2=1 LUT4=1 LUT6=4)
  Clock Path Skew:        -0.051ns (DCD - SCD + CPR)
    Destination Clock Delay (DCD):    2.134ns = ( 5.237 - 3.103 ) 
    Source Clock Delay      (SCD):    2.354ns
    Clock Pessimism Removal (CPR):    0.169ns
  Clock Uncertainty:      0.035ns  ((TSJ^2 + TIJ^2)^1/2 + DJ) / 2 + PE
    Total System Jitter     (TSJ):    0.071ns
    Total Input Jitter      (TIJ):    0.000ns
    Discrete Jitter          (DJ):    0.000ns
    Phase Error              (PE):    0.000ns

    Location             Delay type                Incr(ns)  Path(ns)    Netlist Resource(s)
  -------------------------------------------------------------------    -------------------
                         (clock pcs_pma/inst/ten_gig_eth_pcs_pma_block_i/gt0_gtwizard_10gbaser_multi_gt_i/gt0_gtwizard_gth_10gbaser_i/gthe2_i/RXOUTCLK rise edge)
                                                      0.000     0.000 r  
    GTHE2_CHANNEL_X1Y12  GTHE2_CHANNEL                0.000     0.000 r  pcs_pma/inst/ten_gig_eth_pcs_pma_block_i/gt0_gtwizard_10gbaser_multi_gt_i/gt0_gtwizard_gth_10gbaser_i/gthe2_i/RXOUTCLK
                         net (fo=1, routed)           1.390     1.390    pcs_pma/inst/ten_gig_eth_pcs_pma_block_i/ten_gig_eth_pcs_pma_0_local_clock_reset_block/rxrecclk_out
    BUFHCE_X1Y36         BUFH (Prop_bufh_I_O)         0.103     1.493 r  pcs_pma/inst/ten_gig_eth_pcs_pma_block_i/ten_gig_eth_pcs_pma_0_local_clock_reset_block/rxoutclk_bufh_i/O
                         net (fo=772, routed)         0.861     2.354    pcs_pma/inst/ten_gig_eth_pcs_pma_block_i/ten_gig_eth_pcs_pma_0_core/ten_gig_eth_pcs_pma_inst/G_IS_BASER.ten_gig_eth_pcs_pma_inst/BASER.ten_gig_eth_pcs_pma_inst/pcs_top_i/rx_pcs_i/rxusrclk2
    SLICE_X220Y161       FDRE                                         r  pcs_pma/inst/ten_gig_eth_pcs_pma_block_i/ten_gig_eth_pcs_pma_0_core/ten_gig_eth_pcs_pma_inst/G_IS_BASER.ten_gig_eth_pcs_pma_inst/BASER.ten_gig_eth_pcs_pma_inst/pcs_top_i/rx_pcs_i/rx_66_enc_reg_reg[22]/C
  -------------------------------------------------------------------    -------------------
    SLICE_X220Y161       FDRE (Prop_fdre_C_Q)         0.259     2.613 r  pcs_pma/inst/ten_gig_eth_pcs_pma_block_i/ten_gig_eth_pcs_pma_0_core/ten_gig_eth_pcs_pma_inst/G_IS_BASER.ten_gig_eth_pcs_pma_inst/BASER.ten_gig_eth_pcs_pma_inst/pcs_top_i/rx_pcs_i/rx_66_enc_reg_reg[22]/Q
                         net (fo=3, routed)           0.365     2.978    pcs_pma/inst/ten_gig_eth_pcs_pma_block_i/ten_gig_eth_pcs_pma_0_core/ten_gig_eth_pcs_pma_inst/G_IS_BASER.ten_gig_eth_pcs_pma_inst/BASER.ten_gig_eth_pcs_pma_inst/pcs_top_i/rx_pcs_i/rx_decoder_i/Q[22]
    SLICE_X220Y160       LUT2 (Prop_lut2_I1_O)        0.051     3.029 r  pcs_pma/inst/ten_gig_eth_pcs_pma_block_i/ten_gig_eth_pcs_pma_0_core/ten_gig_eth_pcs_pma_inst/G_IS_BASER.ten_gig_eth_pcs_pma_inst/BASER.ten_gig_eth_pcs_pma_inst/pcs_top_i/rx_pcs_i/rx_decoder_i/mcp1_dec_c1[2]_i_4/O
                         net (fo=1, routed)           0.364     3.393    pcs_pma/inst/ten_gig_eth_pcs_pma_block_i/ten_gig_eth_pcs_pma_0_core/ten_gig_eth_pcs_pma_inst/G_IS_BASER.ten_gig_eth_pcs_pma_inst/BASER.ten_gig_eth_pcs_pma_inst/pcs_top_i/rx_pcs_i/rx_decoder_i/mcp1_dec_c1[2]_i_4_n_0
    SLICE_X215Y161       LUT6 (Prop_lut6_I5_O)        0.134     3.527 f  pcs_pma/inst/ten_gig_eth_pcs_pma_block_i/ten_gig_eth_pcs_pma_0_core/ten_gig_eth_pcs_pma_inst/G_IS_BASER.ten_gig_eth_pcs_pma_inst/BASER.ten_gig_eth_pcs_pma_inst/pcs_top_i/rx_pcs_i/rx_decoder_i/mcp1_dec_c1[2]_i_1/O
                         net (fo=2, routed)           0.470     3.997    pcs_pma/inst/ten_gig_eth_pcs_pma_block_i/ten_gig_eth_pcs_pma_0_core/ten_gig_eth_pcs_pma_inst/G_IS_BASER.ten_gig_eth_pcs_pma_inst/BASER.ten_gig_eth_pcs_pma_inst/pcs_top_i/rx_pcs_i/rx_decoder_i/rx_66_enc_reg_reg[17]
    SLICE_X214Y162       LUT4 (Prop_lut4_I2_O)        0.043     4.040 f  pcs_pma/inst/ten_gig_eth_pcs_pma_block_i/ten_gig_eth_pcs_pma_0_core/ten_gig_eth_pcs_pma_inst/G_IS_BASER.ten_gig_eth_pcs_pma_inst/BASER.ten_gig_eth_pcs_pma_inst/pcs_top_i/rx_pcs_i/rx_decoder_i/mcp1_r_type_next_reg[0]_i_6/O
                         net (fo=1, routed)           0.489     4.529    pcs_pma/inst/ten_gig_eth_pcs_pma_block_i/ten_gig_eth_pcs_pma_0_core/ten_gig_eth_pcs_pma_inst/G_IS_BASER.ten_gig_eth_pcs_pma_inst/BASER.ten_gig_eth_pcs_pma_inst/pcs_top_i/rx_pcs_i/rx_decoder_i/mcp1_r_type_next_reg[0]_i_6_n_0
    SLICE_X215Y159       LUT6 (Prop_lut6_I1_O)        0.043     4.572 f  pcs_pma/inst/ten_gig_eth_pcs_pma_block_i/ten_gig_eth_pcs_pma_0_core/ten_gig_eth_pcs_pma_inst/G_IS_BASER.ten_gig_eth_pcs_pma_inst/BASER.ten_gig_eth_pcs_pma_inst/pcs_top_i/rx_pcs_i/rx_decoder_i/mcp1_r_type_next_reg[0]_i_2/O
                         net (fo=2, routed)           0.236     4.809    pcs_pma/inst/ten_gig_eth_pcs_pma_block_i/ten_gig_eth_pcs_pma_0_core/ten_gig_eth_pcs_pma_inst/G_IS_BASER.ten_gig_eth_pcs_pma_inst/BASER.ten_gig_eth_pcs_pma_inst/pcs_top_i/rx_pcs_i/rx_decoder_i/mcp1_r_type_next_reg[0]_i_2_n_0
    SLICE_X215Y158       LUT6 (Prop_lut6_I5_O)        0.043     4.852 f  pcs_pma/inst/ten_gig_eth_pcs_pma_block_i/ten_gig_eth_pcs_pma_0_core/ten_gig_eth_pcs_pma_inst/G_IS_BASER.ten_gig_eth_pcs_pma_inst/BASER.ten_gig_eth_pcs_pma_inst/pcs_top_i/rx_pcs_i/rx_decoder_i/mcp1_r_type_next_reg[2]_i_3/O
                         net (fo=2, routed)           0.200     5.052    pcs_pma/inst/ten_gig_eth_pcs_pma_block_i/ten_gig_eth_pcs_pma_0_core/ten_gig_eth_pcs_pma_inst/G_IS_BASER.ten_gig_eth_pcs_pma_inst/BASER.ten_gig_eth_pcs_pma_inst/pcs_top_i/rx_pcs_i/rx_decoder_i/mcp1_r_type_next_reg[2]_i_3_n_0
    SLICE_X216Y158       LUT6 (Prop_lut6_I1_O)        0.043     5.095 r  pcs_pma/inst/ten_gig_eth_pcs_pma_block_i/ten_gig_eth_pcs_pma_0_core/ten_gig_eth_pcs_pma_inst/G_IS_BASER.ten_gig_eth_pcs_pma_inst/BASER.ten_gig_eth_pcs_pma_inst/pcs_top_i/rx_pcs_i/rx_decoder_i/mcp1_r_type_next_reg[2]_i_1/O
                         net (fo=1, routed)           0.000     5.095    pcs_pma/inst/ten_gig_eth_pcs_pma_block_i/ten_gig_eth_pcs_pma_0_core/ten_gig_eth_pcs_pma_inst/G_IS_BASER.ten_gig_eth_pcs_pma_inst/BASER.ten_gig_eth_pcs_pma_inst/pcs_top_i/rx_pcs_i/rx_decoder_i/mcp1_r_type_next_reg[2]_i_1_n_0
    SLICE_X216Y158       FDRE                                         r  pcs_pma/inst/ten_gig_eth_pcs_pma_block_i/ten_gig_eth_pcs_pma_0_core/ten_gig_eth_pcs_pma_inst/G_IS_BASER.ten_gig_eth_pcs_pma_inst/BASER.ten_gig_eth_pcs_pma_inst/pcs_top_i/rx_pcs_i/rx_decoder_i/mcp1_r_type_next_reg_reg[2]/D
  -------------------------------------------------------------------    -------------------

                         (clock pcs_pma/inst/ten_gig_eth_pcs_pma_block_i/gt0_gtwizard_10gbaser_multi_gt_i/gt0_gtwizard_gth_10gbaser_i/gthe2_i/RXOUTCLK rise edge)
                                                      3.103     3.103 r  
    GTHE2_CHANNEL_X1Y12  GTHE2_CHANNEL                0.000     3.103 r  pcs_pma/inst/ten_gig_eth_pcs_pma_block_i/gt0_gtwizard_10gbaser_multi_gt_i/gt0_gtwizard_gth_10gbaser_i/gthe2_i/RXOUTCLK
                         net (fo=1, routed)           1.258     4.361    pcs_pma/inst/ten_gig_eth_pcs_pma_block_i/ten_gig_eth_pcs_pma_0_local_clock_reset_block/rxrecclk_out
    BUFHCE_X1Y36         BUFH (Prop_bufh_I_O)         0.066     4.427 r  pcs_pma/inst/ten_gig_eth_pcs_pma_block_i/ten_gig_eth_pcs_pma_0_local_clock_reset_block/rxoutclk_bufh_i/O
                         net (fo=772, routed)         0.810     5.237    pcs_pma/inst/ten_gig_eth_pcs_pma_block_i/ten_gig_eth_pcs_pma_0_core/ten_gig_eth_pcs_pma_inst/G_IS_BASER.ten_gig_eth_pcs_pma_inst/BASER.ten_gig_eth_pcs_pma_inst/pcs_top_i/rx_pcs_i/rx_decoder_i/rxusrclk2
    SLICE_X216Y158       FDRE                                         r  pcs_pma/inst/ten_gig_eth_pcs_pma_block_i/ten_gig_eth_pcs_pma_0_core/ten_gig_eth_pcs_pma_inst/G_IS_BASER.ten_gig_eth_pcs_pma_inst/BASER.ten_gig_eth_pcs_pma_inst/pcs_top_i/rx_pcs_i/rx_decoder_i/mcp1_r_type_next_reg_reg[2]/C
                         clock pessimism              0.169     5.406    
                         clock uncertainty           -0.035     5.371    
    SLICE_X216Y158       FDRE (Setup_fdre_C_D)        0.066     5.437    pcs_pma/inst/ten_gig_eth_pcs_pma_block_i/ten_gig_eth_pcs_pma_0_core/ten_gig_eth_pcs_pma_inst/G_IS_BASER.ten_gig_eth_pcs_pma_inst/BASER.ten_gig_eth_pcs_pma_inst/pcs_top_i/rx_pcs_i/rx_decoder_i/mcp1_r_type_next_reg_reg[2]
  -------------------------------------------------------------------
                         required time                          5.437    
                         arrival time                          -5.095    
  -------------------------------------------------------------------
                         slack                                  0.342    





Min Delay Paths
--------------------------------------------------------------------------------------
Slack (MET) :             0.106ns  (arrival time - required time)
  Source:                 pcs_pma/inst/ten_gig_eth_pcs_pma_block_i/gt_rxd_d1_reg[3]/C
                            (rising edge-triggered cell FDRE clocked by pcs_pma/inst/ten_gig_eth_pcs_pma_block_i/gt0_gtwizard_10gbaser_multi_gt_i/gt0_gtwizard_gth_10gbaser_i/gthe2_i/RXOUTCLK  {rise@0.000ns fall@1.551ns period=3.103ns})
  Destination:            pcs_pma/inst/ten_gig_eth_pcs_pma_block_i/ten_gig_eth_pcs_pma_0_core/ten_gig_eth_pcs_pma_inst/G_IS_BASER.ten_gig_eth_pcs_pma_inst/BASER.ten_gig_eth_pcs_pma_inst/rx_gt_reg[5]/D
                            (rising edge-triggered cell FDRE clocked by pcs_pma/inst/ten_gig_eth_pcs_pma_block_i/gt0_gtwizard_10gbaser_multi_gt_i/gt0_gtwizard_gth_10gbaser_i/gthe2_i/RXOUTCLK  {rise@0.000ns fall@1.551ns period=3.103ns})
  Path Group:             pcs_pma/inst/ten_gig_eth_pcs_pma_block_i/gt0_gtwizard_10gbaser_multi_gt_i/gt0_gtwizard_gth_10gbaser_i/gthe2_i/RXOUTCLK
  Path Type:              Hold (Min at Fast Process Corner)
  Requirement:            0.000ns  (pcs_pma/inst/ten_gig_eth_pcs_pma_block_i/gt0_gtwizard_10gbaser_multi_gt_i/gt0_gtwizard_gth_10gbaser_i/gthe2_i/RXOUTCLK rise@0.000ns - pcs_pma/inst/ten_gig_eth_pcs_pma_block_i/gt0_gtwizard_10gbaser_multi_gt_i/gt0_gtwizard_gth_10gbaser_i/gthe2_i/RXOUTCLK rise@0.000ns)
  Data Path Delay:        0.155ns  (logic 0.100ns (64.566%)  route 0.055ns (35.434%))
  Logic Levels:           0  
  Clock Path Skew:        0.000ns (DCD - SCD - CPR)
    Destination Clock Delay (DCD):    1.248ns
    Source Clock Delay      (SCD):    0.991ns
    Clock Pessimism Removal (CPR):    0.257ns

    Location             Delay type                Incr(ns)  Path(ns)    Netlist Resource(s)
  -------------------------------------------------------------------    -------------------
                         (clock pcs_pma/inst/ten_gig_eth_pcs_pma_block_i/gt0_gtwizard_10gbaser_multi_gt_i/gt0_gtwizard_gth_10gbaser_i/gthe2_i/RXOUTCLK rise edge)
                                                      0.000     0.000 r  
    GTHE2_CHANNEL_X1Y12  GTHE2_CHANNEL                0.000     0.000 r  pcs_pma/inst/ten_gig_eth_pcs_pma_block_i/gt0_gtwizard_10gbaser_multi_gt_i/gt0_gtwizard_gth_10gbaser_i/gthe2_i/RXOUTCLK
                         net (fo=1, routed)           0.515     0.515    pcs_pma/inst/ten_gig_eth_pcs_pma_block_i/ten_gig_eth_pcs_pma_0_local_clock_reset_block/rxrecclk_out
    BUFHCE_X1Y36         BUFH (Prop_bufh_I_O)         0.023     0.538 r  pcs_pma/inst/ten_gig_eth_pcs_pma_block_i/ten_gig_eth_pcs_pma_0_local_clock_reset_block/rxoutclk_bufh_i/O
                         net (fo=772, routed)         0.453     0.991    pcs_pma/inst/ten_gig_eth_pcs_pma_block_i/rxusrclk2
    SLICE_X221Y158       FDRE                                         r  pcs_pma/inst/ten_gig_eth_pcs_pma_block_i/gt_rxd_d1_reg[3]/C
  -------------------------------------------------------------------    -------------------
    SLICE_X221Y158       FDRE (Prop_fdre_C_Q)         0.100     1.091 r  pcs_pma/inst/ten_gig_eth_pcs_pma_block_i/gt_rxd_d1_reg[3]/Q
                         net (fo=1, routed)           0.055     1.146    pcs_pma/inst/ten_gig_eth_pcs_pma_block_i/ten_gig_eth_pcs_pma_0_core/ten_gig_eth_pcs_pma_inst/G_IS_BASER.ten_gig_eth_pcs_pma_inst/BASER.ten_gig_eth_pcs_pma_inst/gt_rxd[3]
    SLICE_X221Y158       FDRE                                         r  pcs_pma/inst/ten_gig_eth_pcs_pma_block_i/ten_gig_eth_pcs_pma_0_core/ten_gig_eth_pcs_pma_inst/G_IS_BASER.ten_gig_eth_pcs_pma_inst/BASER.ten_gig_eth_pcs_pma_inst/rx_gt_reg[5]/D
  -------------------------------------------------------------------    -------------------

                         (clock pcs_pma/inst/ten_gig_eth_pcs_pma_block_i/gt0_gtwizard_10gbaser_multi_gt_i/gt0_gtwizard_gth_10gbaser_i/gthe2_i/RXOUTCLK rise edge)
                                                      0.000     0.000 r  
    GTHE2_CHANNEL_X1Y12  GTHE2_CHANNEL                0.000     0.000 r  pcs_pma/inst/ten_gig_eth_pcs_pma_block_i/gt0_gtwizard_10gbaser_multi_gt_i/gt0_gtwizard_gth_10gbaser_i/gthe2_i/RXOUTCLK
                         net (fo=1, routed)           0.593     0.593    pcs_pma/inst/ten_gig_eth_pcs_pma_block_i/ten_gig_eth_pcs_pma_0_local_clock_reset_block/rxrecclk_out
    BUFHCE_X1Y36         BUFH (Prop_bufh_I_O)         0.045     0.638 r  pcs_pma/inst/ten_gig_eth_pcs_pma_block_i/ten_gig_eth_pcs_pma_0_local_clock_reset_block/rxoutclk_bufh_i/O
                         net (fo=772, routed)         0.610     1.248    pcs_pma/inst/ten_gig_eth_pcs_pma_block_i/ten_gig_eth_pcs_pma_0_core/ten_gig_eth_pcs_pma_inst/G_IS_BASER.ten_gig_eth_pcs_pma_inst/BASER.ten_gig_eth_pcs_pma_inst/rxusrclk2
    SLICE_X221Y158       FDRE                                         r  pcs_pma/inst/ten_gig_eth_pcs_pma_block_i/ten_gig_eth_pcs_pma_0_core/ten_gig_eth_pcs_pma_inst/G_IS_BASER.ten_gig_eth_pcs_pma_inst/BASER.ten_gig_eth_pcs_pma_inst/rx_gt_reg[5]/C
                         clock pessimism             -0.257     0.991    
    SLICE_X221Y158       FDRE (Hold_fdre_C_D)         0.049     1.040    pcs_pma/inst/ten_gig_eth_pcs_pma_block_i/ten_gig_eth_pcs_pma_0_core/ten_gig_eth_pcs_pma_inst/G_IS_BASER.ten_gig_eth_pcs_pma_inst/BASER.ten_gig_eth_pcs_pma_inst/rx_gt_reg[5]
  -------------------------------------------------------------------
                         required time                         -1.040    
                         arrival time                           1.146    
  -------------------------------------------------------------------
                         slack                                  0.106    





Pulse Width Checks
--------------------------------------------------------------------------------------
Clock Name:         pcs_pma/inst/ten_gig_eth_pcs_pma_block_i/gt0_gtwizard_10gbaser_multi_gt_i/gt0_gtwizard_gth_10gbaser_i/gthe2_i/RXOUTCLK
Waveform(ns):       { 0.000 1.551 }
Period(ns):         3.103
Sources:            { pcs_pma/inst/ten_gig_eth_pcs_pma_block_i/gt0_gtwizard_10gbaser_multi_gt_i/gt0_gtwizard_gth_10gbaser_i/gthe2_i/RXOUTCLK }

Check Type        Corner  Lib Pin                 Reference Pin  Required(ns)  Actual(ns)  Slack(ns)  Location             Pin
Min Period        n/a     GTHE2_CHANNEL/RXUSRCLK  n/a            2.831         3.103       0.272      GTHE2_CHANNEL_X1Y12  pcs_pma/inst/ten_gig_eth_pcs_pma_block_i/gt0_gtwizard_10gbaser_multi_gt_i/gt0_gtwizard_gth_10gbaser_i/gthe2_i/RXUSRCLK
Low Pulse Width   Slow    FDRE/C                  n/a            0.400         1.551       1.151      SLICE_X218Y156       pcs_pma/inst/ten_gig_eth_pcs_pma_block_i/gt_rxc_d1_reg[0]/C
High Pulse Width  Slow    FDRE/C                  n/a            0.350         1.551       1.201      SLICE_X221Y154       pcs_pma/inst/ten_gig_eth_pcs_pma_block_i/gt0_rxbufreset_i_reg/C



---------------------------------------------------------------------------------------------------
From Clock:  pcs_pma/inst/ten_gig_eth_pcs_pma_block_i/gt0_gtwizard_10gbaser_multi_gt_i/gt0_gtwizard_gth_10gbaser_i/gthe2_i/TXOUTCLK
  To Clock:  pcs_pma/inst/ten_gig_eth_pcs_pma_block_i/gt0_gtwizard_10gbaser_multi_gt_i/gt0_gtwizard_gth_10gbaser_i/gthe2_i/TXOUTCLK

Setup :            0  Failing Endpoints,  Worst Slack        0.672ns,  Total Violation        0.000ns
Hold  :            0  Failing Endpoints,  Worst Slack        0.095ns,  Total Violation        0.000ns
PW    :            0  Failing Endpoints,  Worst Slack        0.272ns,  Total Violation        0.000ns
---------------------------------------------------------------------------------------------------


Max Delay Paths
--------------------------------------------------------------------------------------
Slack (MET) :             0.672ns  (required time - arrival time)
  Source:                 pcs_pma/inst/ten_gig_eth_pcs_pma_block_i/ten_gig_eth_pcs_pma_0_core/ten_gig_eth_pcs_pma_inst/G_IS_BASER.ten_gig_eth_pcs_pma_inst/BASER.ten_gig_eth_pcs_pma_inst/synch_4/q_reg/C
                            (rising edge-triggered cell FDRE clocked by pcs_pma/inst/ten_gig_eth_pcs_pma_block_i/gt0_gtwizard_10gbaser_multi_gt_i/gt0_gtwizard_gth_10gbaser_i/gthe2_i/TXOUTCLK  {rise@0.000ns fall@1.551ns period=3.103ns})
  Destination:            pcs_pma/inst/ten_gig_eth_pcs_pma_block_i/gt0_gtwizard_10gbaser_multi_gt_i/gt0_gtwizard_gth_10gbaser_i/gthe2_i/TXINHIBIT
                            (rising edge-triggered cell GTHE2_CHANNEL clocked by pcs_pma/inst/ten_gig_eth_pcs_pma_block_i/gt0_gtwizard_10gbaser_multi_gt_i/gt0_gtwizard_gth_10gbaser_i/gthe2_i/TXOUTCLK  {rise@0.000ns fall@1.551ns period=3.103ns})
  Path Group:             pcs_pma/inst/ten_gig_eth_pcs_pma_block_i/gt0_gtwizard_10gbaser_multi_gt_i/gt0_gtwizard_gth_10gbaser_i/gthe2_i/TXOUTCLK
  Path Type:              Setup (Max at Slow Process Corner)
  Requirement:            3.103ns  (pcs_pma/inst/ten_gig_eth_pcs_pma_block_i/gt0_gtwizard_10gbaser_multi_gt_i/gt0_gtwizard_gth_10gbaser_i/gthe2_i/TXOUTCLK rise@3.103ns - pcs_pma/inst/ten_gig_eth_pcs_pma_block_i/gt0_gtwizard_10gbaser_multi_gt_i/gt0_gtwizard_gth_10gbaser_i/gthe2_i/TXOUTCLK rise@0.000ns)
  Data Path Delay:        2.158ns  (logic 0.259ns (12.003%)  route 1.899ns (87.997%))
  Logic Levels:           0  
  Clock Path Skew:        0.251ns (DCD - SCD + CPR)
    Destination Clock Delay (DCD):    3.666ns = ( 6.769 - 3.103 ) 
    Source Clock Delay      (SCD):    3.650ns
    Clock Pessimism Removal (CPR):    0.235ns
  Clock Uncertainty:      0.035ns  ((TSJ^2 + TIJ^2)^1/2 + DJ) / 2 + PE
    Total System Jitter     (TSJ):    0.071ns
    Total Input Jitter      (TIJ):    0.000ns
    Discrete Jitter          (DJ):    0.000ns
    Phase Error              (PE):    0.000ns

    Location             Delay type                Incr(ns)  Path(ns)    Netlist Resource(s)
  -------------------------------------------------------------------    -------------------
                         (clock pcs_pma/inst/ten_gig_eth_pcs_pma_block_i/gt0_gtwizard_10gbaser_multi_gt_i/gt0_gtwizard_gth_10gbaser_i/gthe2_i/TXOUTCLK rise edge)
                                                      0.000     0.000 r  
    GTHE2_CHANNEL_X1Y12  GTHE2_CHANNEL                0.000     0.000 r  pcs_pma/inst/ten_gig_eth_pcs_pma_block_i/gt0_gtwizard_10gbaser_multi_gt_i/gt0_gtwizard_gth_10gbaser_i/gthe2_i/TXOUTCLK
                         net (fo=1, routed)           2.024     2.024    pcs_pma/inst/ten_gig_eth_pcs_pma_shared_clock_reset_block/txoutclk
    BUFGCTRL_X0Y0        BUFG (Prop_bufg_I_O)         0.093     2.117 r  pcs_pma/inst/ten_gig_eth_pcs_pma_shared_clock_reset_block/txoutclk_bufg_i/O
                         net (fo=203, routed)         1.533     3.650    pcs_pma/inst/ten_gig_eth_pcs_pma_block_i/ten_gig_eth_pcs_pma_0_core/ten_gig_eth_pcs_pma_inst/G_IS_BASER.ten_gig_eth_pcs_pma_inst/BASER.ten_gig_eth_pcs_pma_inst/synch_4/txusrclk2
    SLICE_X168Y165       FDRE                                         r  pcs_pma/inst/ten_gig_eth_pcs_pma_block_i/ten_gig_eth_pcs_pma_0_core/ten_gig_eth_pcs_pma_inst/G_IS_BASER.ten_gig_eth_pcs_pma_inst/BASER.ten_gig_eth_pcs_pma_inst/synch_4/q_reg/C
  -------------------------------------------------------------------    -------------------
    SLICE_X168Y165       FDRE (Prop_fdre_C_Q)         0.259     3.909 r  pcs_pma/inst/ten_gig_eth_pcs_pma_block_i/ten_gig_eth_pcs_pma_0_core/ten_gig_eth_pcs_pma_inst/G_IS_BASER.ten_gig_eth_pcs_pma_inst/BASER.ten_gig_eth_pcs_pma_inst/synch_4/q_reg/Q
                         net (fo=2, routed)           1.899     5.808    pcs_pma/inst/ten_gig_eth_pcs_pma_block_i/gt0_gtwizard_10gbaser_multi_gt_i/gt0_gtwizard_gth_10gbaser_i/tx_disable
    GTHE2_CHANNEL_X1Y12  GTHE2_CHANNEL                                r  pcs_pma/inst/ten_gig_eth_pcs_pma_block_i/gt0_gtwizard_10gbaser_multi_gt_i/gt0_gtwizard_gth_10gbaser_i/gthe2_i/TXINHIBIT
  -------------------------------------------------------------------    -------------------

                         (clock pcs_pma/inst/ten_gig_eth_pcs_pma_block_i/gt0_gtwizard_10gbaser_multi_gt_i/gt0_gtwizard_gth_10gbaser_i/gthe2_i/TXOUTCLK rise edge)
                                                      3.103     3.103 r  
    GTHE2_CHANNEL_X1Y12  GTHE2_CHANNEL                0.000     3.103 r  pcs_pma/inst/ten_gig_eth_pcs_pma_block_i/gt0_gtwizard_10gbaser_multi_gt_i/gt0_gtwizard_gth_10gbaser_i/gthe2_i/TXOUTCLK
                         net (fo=1, routed)           1.887     4.990    pcs_pma/inst/ten_gig_eth_pcs_pma_shared_clock_reset_block/txoutclk
    BUFGCTRL_X0Y0        BUFG (Prop_bufg_I_O)         0.083     5.073 r  pcs_pma/inst/ten_gig_eth_pcs_pma_shared_clock_reset_block/txoutclk_bufg_i/O
                         net (fo=203, routed)         1.696     6.769    pcs_pma/inst/ten_gig_eth_pcs_pma_block_i/gt0_gtwizard_10gbaser_multi_gt_i/gt0_gtwizard_gth_10gbaser_i/gthe2_i_1
    GTHE2_CHANNEL_X1Y12  GTHE2_CHANNEL                                r  pcs_pma/inst/ten_gig_eth_pcs_pma_block_i/gt0_gtwizard_10gbaser_multi_gt_i/gt0_gtwizard_gth_10gbaser_i/gthe2_i/TXUSRCLK2
                         clock pessimism              0.235     7.004    
                         clock uncertainty           -0.035     6.968    
    GTHE2_CHANNEL_X1Y12  GTHE2_CHANNEL (Setup_gthe2_channel_TXUSRCLK2_TXINHIBIT)
                                                     -0.489     6.479    pcs_pma/inst/ten_gig_eth_pcs_pma_block_i/gt0_gtwizard_10gbaser_multi_gt_i/gt0_gtwizard_gth_10gbaser_i/gthe2_i
  -------------------------------------------------------------------
                         required time                          6.479    
                         arrival time                          -5.808    
  -------------------------------------------------------------------
                         slack                                  0.672    





Min Delay Paths
--------------------------------------------------------------------------------------
Slack (MET) :             0.095ns  (arrival time - required time)
  Source:                 pcs_pma/inst/ten_gig_eth_pcs_pma_block_i/ten_gig_eth_pcs_pma_0_core/ten_gig_eth_pcs_pma_inst/G_IS_BASER.ten_gig_eth_pcs_pma_inst/BASER.ten_gig_eth_pcs_pma_inst/G_7SERIES_TXFIFO.txratefifo_i/asynch_fifo_i/dp_ram_i/rd_data_reg[2]/C
                            (rising edge-triggered cell FDRE clocked by pcs_pma/inst/ten_gig_eth_pcs_pma_block_i/gt0_gtwizard_10gbaser_multi_gt_i/gt0_gtwizard_gth_10gbaser_i/gthe2_i/TXOUTCLK  {rise@0.000ns fall@1.551ns period=3.103ns})
  Destination:            pcs_pma/inst/ten_gig_eth_pcs_pma_block_i/ten_gig_eth_pcs_pma_0_core/ten_gig_eth_pcs_pma_inst/G_IS_BASER.ten_gig_eth_pcs_pma_inst/BASER.ten_gig_eth_pcs_pma_inst/gt_txd_reg[0]/D
                            (rising edge-triggered cell FDRE clocked by pcs_pma/inst/ten_gig_eth_pcs_pma_block_i/gt0_gtwizard_10gbaser_multi_gt_i/gt0_gtwizard_gth_10gbaser_i/gthe2_i/TXOUTCLK  {rise@0.000ns fall@1.551ns period=3.103ns})
  Path Group:             pcs_pma/inst/ten_gig_eth_pcs_pma_block_i/gt0_gtwizard_10gbaser_multi_gt_i/gt0_gtwizard_gth_10gbaser_i/gthe2_i/TXOUTCLK
  Path Type:              Hold (Min at Fast Process Corner)
  Requirement:            0.000ns  (pcs_pma/inst/ten_gig_eth_pcs_pma_block_i/gt0_gtwizard_10gbaser_multi_gt_i/gt0_gtwizard_gth_10gbaser_i/gthe2_i/TXOUTCLK rise@0.000ns - pcs_pma/inst/ten_gig_eth_pcs_pma_block_i/gt0_gtwizard_10gbaser_multi_gt_i/gt0_gtwizard_gth_10gbaser_i/gthe2_i/TXOUTCLK rise@0.000ns)
  Data Path Delay:        0.326ns  (logic 0.146ns (44.733%)  route 0.180ns (55.267%))
  Logic Levels:           1  (LUT6=1)
  Clock Path Skew:        0.144ns (DCD - SCD - CPR)
    Destination Clock Delay (DCD):    2.001ns
    Source Clock Delay      (SCD):    1.738ns
    Clock Pessimism Removal (CPR):    0.119ns

    Location             Delay type                Incr(ns)  Path(ns)    Netlist Resource(s)
  -------------------------------------------------------------------    -------------------
                         (clock pcs_pma/inst/ten_gig_eth_pcs_pma_block_i/gt0_gtwizard_10gbaser_multi_gt_i/gt0_gtwizard_gth_10gbaser_i/gthe2_i/TXOUTCLK rise edge)
                                                      0.000     0.000 r  
    GTHE2_CHANNEL_X1Y12  GTHE2_CHANNEL                0.000     0.000 r  pcs_pma/inst/ten_gig_eth_pcs_pma_block_i/gt0_gtwizard_10gbaser_multi_gt_i/gt0_gtwizard_gth_10gbaser_i/gthe2_i/TXOUTCLK
                         net (fo=1, routed)           0.901     0.901    pcs_pma/inst/ten_gig_eth_pcs_pma_shared_clock_reset_block/txoutclk
    BUFGCTRL_X0Y0        BUFG (Prop_bufg_I_O)         0.026     0.927 r  pcs_pma/inst/ten_gig_eth_pcs_pma_shared_clock_reset_block/txoutclk_bufg_i/O
                         net (fo=203, routed)         0.811     1.738    pcs_pma/inst/ten_gig_eth_pcs_pma_block_i/ten_gig_eth_pcs_pma_0_core/ten_gig_eth_pcs_pma_inst/G_IS_BASER.ten_gig_eth_pcs_pma_inst/BASER.ten_gig_eth_pcs_pma_inst/G_7SERIES_TXFIFO.txratefifo_i/asynch_fifo_i/dp_ram_i/rd_clk
    SLICE_X210Y149       FDRE                                         r  pcs_pma/inst/ten_gig_eth_pcs_pma_block_i/ten_gig_eth_pcs_pma_0_core/ten_gig_eth_pcs_pma_inst/G_IS_BASER.ten_gig_eth_pcs_pma_inst/BASER.ten_gig_eth_pcs_pma_inst/G_7SERIES_TXFIFO.txratefifo_i/asynch_fifo_i/dp_ram_i/rd_data_reg[2]/C
  -------------------------------------------------------------------    -------------------
    SLICE_X210Y149       FDRE (Prop_fdre_C_Q)         0.118     1.856 r  pcs_pma/inst/ten_gig_eth_pcs_pma_block_i/ten_gig_eth_pcs_pma_0_core/ten_gig_eth_pcs_pma_inst/G_IS_BASER.ten_gig_eth_pcs_pma_inst/BASER.ten_gig_eth_pcs_pma_inst/G_7SERIES_TXFIFO.txratefifo_i/asynch_fifo_i/dp_ram_i/rd_data_reg[2]/Q
                         net (fo=1, routed)           0.180     2.036    pcs_pma/inst/ten_gig_eth_pcs_pma_block_i/ten_gig_eth_pcs_pma_0_core/ten_gig_eth_pcs_pma_inst/G_IS_BASER.ten_gig_eth_pcs_pma_inst/BASER.ten_gig_eth_pcs_pma_inst/G_7SERIES_TXFIFO.txratefifo_i/rd_data[2]
    SLICE_X212Y150       LUT6 (Prop_lut6_I5_O)        0.028     2.064 r  pcs_pma/inst/ten_gig_eth_pcs_pma_block_i/ten_gig_eth_pcs_pma_0_core/ten_gig_eth_pcs_pma_inst/G_IS_BASER.ten_gig_eth_pcs_pma_inst/BASER.ten_gig_eth_pcs_pma_inst/G_7SERIES_TXFIFO.txratefifo_i/gt_txd[0]_i_1/O
                         net (fo=1, routed)           0.000     2.064    pcs_pma/inst/ten_gig_eth_pcs_pma_block_i/ten_gig_eth_pcs_pma_0_core/ten_gig_eth_pcs_pma_inst/G_IS_BASER.ten_gig_eth_pcs_pma_inst/BASER.ten_gig_eth_pcs_pma_inst/gt_txd_mux[0]
    SLICE_X212Y150       FDRE                                         r  pcs_pma/inst/ten_gig_eth_pcs_pma_block_i/ten_gig_eth_pcs_pma_0_core/ten_gig_eth_pcs_pma_inst/G_IS_BASER.ten_gig_eth_pcs_pma_inst/BASER.ten_gig_eth_pcs_pma_inst/gt_txd_reg[0]/D
  -------------------------------------------------------------------    -------------------

                         (clock pcs_pma/inst/ten_gig_eth_pcs_pma_block_i/gt0_gtwizard_10gbaser_multi_gt_i/gt0_gtwizard_gth_10gbaser_i/gthe2_i/TXOUTCLK rise edge)
                                                      0.000     0.000 r  
    GTHE2_CHANNEL_X1Y12  GTHE2_CHANNEL                0.000     0.000 r  pcs_pma/inst/ten_gig_eth_pcs_pma_block_i/gt0_gtwizard_10gbaser_multi_gt_i/gt0_gtwizard_gth_10gbaser_i/gthe2_i/TXOUTCLK
                         net (fo=1, routed)           0.988     0.988    pcs_pma/inst/ten_gig_eth_pcs_pma_shared_clock_reset_block/txoutclk
    BUFGCTRL_X0Y0        BUFG (Prop_bufg_I_O)         0.030     1.018 r  pcs_pma/inst/ten_gig_eth_pcs_pma_shared_clock_reset_block/txoutclk_bufg_i/O
                         net (fo=203, routed)         0.983     2.001    pcs_pma/inst/ten_gig_eth_pcs_pma_block_i/ten_gig_eth_pcs_pma_0_core/ten_gig_eth_pcs_pma_inst/G_IS_BASER.ten_gig_eth_pcs_pma_inst/BASER.ten_gig_eth_pcs_pma_inst/txusrclk2
    SLICE_X212Y150       FDRE                                         r  pcs_pma/inst/ten_gig_eth_pcs_pma_block_i/ten_gig_eth_pcs_pma_0_core/ten_gig_eth_pcs_pma_inst/G_IS_BASER.ten_gig_eth_pcs_pma_inst/BASER.ten_gig_eth_pcs_pma_inst/gt_txd_reg[0]/C
                         clock pessimism             -0.119     1.882    
    SLICE_X212Y150       FDRE (Hold_fdre_C_D)         0.087     1.969    pcs_pma/inst/ten_gig_eth_pcs_pma_block_i/ten_gig_eth_pcs_pma_0_core/ten_gig_eth_pcs_pma_inst/G_IS_BASER.ten_gig_eth_pcs_pma_inst/BASER.ten_gig_eth_pcs_pma_inst/gt_txd_reg[0]
  -------------------------------------------------------------------
                         required time                         -1.969    
                         arrival time                           2.064    
  -------------------------------------------------------------------
                         slack                                  0.095    





Pulse Width Checks
--------------------------------------------------------------------------------------
Clock Name:         pcs_pma/inst/ten_gig_eth_pcs_pma_block_i/gt0_gtwizard_10gbaser_multi_gt_i/gt0_gtwizard_gth_10gbaser_i/gthe2_i/TXOUTCLK
Waveform(ns):       { 0.000 1.551 }
Period(ns):         3.103
Sources:            { pcs_pma/inst/ten_gig_eth_pcs_pma_block_i/gt0_gtwizard_10gbaser_multi_gt_i/gt0_gtwizard_gth_10gbaser_i/gthe2_i/TXOUTCLK }

Check Type        Corner  Lib Pin                 Reference Pin  Required(ns)  Actual(ns)  Slack(ns)  Location             Pin
Min Period        n/a     GTHE2_CHANNEL/TXUSRCLK  n/a            2.831         3.103       0.272      GTHE2_CHANNEL_X1Y12  pcs_pma/inst/ten_gig_eth_pcs_pma_block_i/gt0_gtwizard_10gbaser_multi_gt_i/gt0_gtwizard_gth_10gbaser_i/gthe2_i/TXUSRCLK
Low Pulse Width   Slow    FDRE/C                  n/a            0.400         1.552       1.152      SLICE_X212Y150       pcs_pma/inst/ten_gig_eth_pcs_pma_block_i/gt0_txresetdone_reg1_reg/C
High Pulse Width  Slow    FDRE/C                  n/a            0.350         1.551       1.201      SLICE_X212Y150       pcs_pma/inst/ten_gig_eth_pcs_pma_block_i/gt0_txresetdone_reg1_reg/C



---------------------------------------------------------------------------------------------------
From Clock:  sysclk_200
  To Clock:  sysclk_200

Setup :           NA  Failing Endpoints,  Worst Slack           NA  ,  Total Violation           NA
Hold  :           NA  Failing Endpoints,  Worst Slack           NA  ,  Total Violation           NA
PW    :            0  Failing Endpoints,  Worst Slack        1.100ns,  Total Violation        0.000ns
---------------------------------------------------------------------------------------------------


Pulse Width Checks
--------------------------------------------------------------------------------------
Clock Name:         sysclk_200
Waveform(ns):       { 0.000 2.500 }
Period(ns):         5.000
Sources:            { sysclk_p }

Check Type        Corner  Lib Pin            Reference Pin  Required(ns)  Actual(ns)  Slack(ns)  Location         Pin
Min Period        n/a     MMCME2_ADV/CLKIN1  n/a            1.071         5.000       3.929      MMCME2_ADV_X1Y8  system_clock_divider/mmcm/CLKIN1
Max Period        n/a     MMCME2_ADV/CLKIN1  n/a            100.000       5.000       95.000     MMCME2_ADV_X1Y8  system_clock_divider/mmcm/CLKIN1
Low Pulse Width   Slow    MMCME2_ADV/CLKIN1  n/a            1.400         2.500       1.100      MMCME2_ADV_X1Y8  system_clock_divider/mmcm/CLKIN1
High Pulse Width  Slow    MMCME2_ADV/CLKIN1  n/a            1.400         2.500       1.100      MMCME2_ADV_X1Y8  system_clock_divider/mmcm/CLKIN1



---------------------------------------------------------------------------------------------------
From Clock:  clk_100_unbuffered
  To Clock:  clk_100_unbuffered

Setup :            0  Failing Endpoints,  Worst Slack        7.481ns,  Total Violation        0.000ns
Hold  :            0  Failing Endpoints,  Worst Slack        0.108ns,  Total Violation        0.000ns
PW    :            0  Failing Endpoints,  Worst Slack        4.286ns,  Total Violation        0.000ns
---------------------------------------------------------------------------------------------------


Max Delay Paths
--------------------------------------------------------------------------------------
Slack (MET) :             7.481ns  (required time - arrival time)
  Source:                 pcs_pma/inst/ten_gig_eth_pcs_pma_block_i/ten_gig_eth_pcs_pma_0_core/ten_gig_eth_pcs_pma_inst/G_IS_BASER.ten_gig_eth_pcs_pma_inst/BASER.ten_gig_eth_pcs_pma_inst/management_inst/drp_ipif_i/FSM_sequential_state_reg[1]/C
                            (rising edge-triggered cell FDRE clocked by clk_100_unbuffered  {rise@0.000ns fall@5.000ns period=10.000ns})
  Destination:            pcs_pma/inst/ten_gig_eth_pcs_pma_block_i/gt0_gtwizard_10gbaser_multi_gt_i/gt0_gtwizard_gth_10gbaser_i/gthe2_i/DRPADDR[4]
                            (rising edge-triggered cell GTHE2_CHANNEL clocked by clk_100_unbuffered  {rise@0.000ns fall@5.000ns period=10.000ns})
  Path Group:             clk_100_unbuffered
  Path Type:              Setup (Max at Slow Process Corner)
  Requirement:            10.000ns  (clk_100_unbuffered rise@10.000ns - clk_100_unbuffered rise@0.000ns)
  Data Path Delay:        2.078ns  (logic 0.359ns (17.280%)  route 1.719ns (82.720%))
  Logic Levels:           1  (LUT2=1)
  Clock Path Skew:        -0.128ns (DCD - SCD + CPR)
    Destination Clock Delay (DCD):    -1.305ns = ( 8.695 - 10.000 ) 
    Source Clock Delay      (SCD):    -1.958ns
    Clock Pessimism Removal (CPR):    -0.781ns
  Clock Uncertainty:      0.066ns  ((TSJ^2 + DJ^2)^1/2) / 2 + PE
    Total System Jitter     (TSJ):    0.071ns
    Discrete Jitter          (DJ):    0.112ns
    Phase Error              (PE):    0.000ns

    Location             Delay type                Incr(ns)  Path(ns)    Netlist Resource(s)
  -------------------------------------------------------------------    -------------------
                         (clock clk_100_unbuffered rise edge)
                                                      0.000     0.000 r  
    H19                                               0.000     0.000 r  sysclk_p (IN)
                         net (fo=0)                   0.000     0.000    sysclk_p
    H19                  IBUFDS (Prop_ibufds_I_O)     0.823     0.823 r  system_clock_input/O
                         net (fo=1, routed)           1.081     1.904    system_clock_divider/clk_200_in
    MMCME2_ADV_X1Y8      MMCME2_ADV (Prop_mmcme2_adv_CLKIN1_CLKOUT0)
                                                     -7.970    -6.066 r  system_clock_divider/mmcm/CLKOUT0
                         net (fo=1, routed)           2.174    -3.892    system_clock_divider/clk_100_unbuffered
    BUFGCTRL_X0Y16       BUFG (Prop_bufg_I_O)         0.093    -3.799 r  system_clock_divider/output_buffer/O
                         net (fo=42, routed)          1.841    -1.958    pcs_pma/inst/ten_gig_eth_pcs_pma_block_i/ten_gig_eth_pcs_pma_0_core/ten_gig_eth_pcs_pma_inst/G_IS_BASER.ten_gig_eth_pcs_pma_inst/BASER.ten_gig_eth_pcs_pma_inst/management_inst/drp_ipif_i/dclk
    SLICE_X220Y149       FDRE                                         r  pcs_pma/inst/ten_gig_eth_pcs_pma_block_i/ten_gig_eth_pcs_pma_0_core/ten_gig_eth_pcs_pma_inst/G_IS_BASER.ten_gig_eth_pcs_pma_inst/BASER.ten_gig_eth_pcs_pma_inst/management_inst/drp_ipif_i/FSM_sequential_state_reg[1]/C
  -------------------------------------------------------------------    -------------------
    SLICE_X220Y149       FDRE (Prop_fdre_C_Q)         0.236    -1.722 r  pcs_pma/inst/ten_gig_eth_pcs_pma_block_i/ten_gig_eth_pcs_pma_0_core/ten_gig_eth_pcs_pma_inst/G_IS_BASER.ten_gig_eth_pcs_pma_inst/BASER.ten_gig_eth_pcs_pma_inst/management_inst/drp_ipif_i/FSM_sequential_state_reg[1]/Q
                         net (fo=6, routed)           0.446    -1.275    pcs_pma/inst/ten_gig_eth_pcs_pma_block_i/ten_gig_eth_pcs_pma_0_core/ten_gig_eth_pcs_pma_inst/G_IS_BASER.ten_gig_eth_pcs_pma_inst/BASER.ten_gig_eth_pcs_pma_inst/management_inst/drp_ipif_i/state[1]
    SLICE_X220Y149       LUT2 (Prop_lut2_I0_O)        0.123    -1.152 r  pcs_pma/inst/ten_gig_eth_pcs_pma_block_i/ten_gig_eth_pcs_pma_0_core/ten_gig_eth_pcs_pma_inst/G_IS_BASER.ten_gig_eth_pcs_pma_inst/BASER.ten_gig_eth_pcs_pma_inst/management_inst/drp_ipif_i/drp_daddr[1]_INST_0/O
                         net (fo=6, routed)           1.272     0.120    pcs_pma/inst/ten_gig_eth_pcs_pma_block_i/gt0_gtwizard_10gbaser_multi_gt_i/gt0_gtwizard_gth_10gbaser_i/drp_daddr_i[4]
    GTHE2_CHANNEL_X1Y12  GTHE2_CHANNEL                                r  pcs_pma/inst/ten_gig_eth_pcs_pma_block_i/gt0_gtwizard_10gbaser_multi_gt_i/gt0_gtwizard_gth_10gbaser_i/gthe2_i/DRPADDR[4]
  -------------------------------------------------------------------    -------------------

                         (clock clk_100_unbuffered rise edge)
                                                     10.000    10.000 r  
    H19                                               0.000    10.000 r  sysclk_p (IN)
                         net (fo=0)                   0.000    10.000    sysclk_p
    H19                  IBUFDS (Prop_ibufds_I_O)     0.727    10.727 r  system_clock_input/O
                         net (fo=1, routed)           0.986    11.713    system_clock_divider/clk_200_in
    MMCME2_ADV_X1Y8      MMCME2_ADV (Prop_mmcme2_adv_CLKIN1_CLKOUT0)
                                                     -6.794     4.919 r  system_clock_divider/mmcm/CLKOUT0
                         net (fo=1, routed)           1.995     6.914    system_clock_divider/clk_100_unbuffered
    BUFGCTRL_X0Y16       BUFG (Prop_bufg_I_O)         0.083     6.997 r  system_clock_divider/output_buffer/O
                         net (fo=42, routed)          1.698     8.695    pcs_pma/inst/ten_gig_eth_pcs_pma_block_i/gt0_gtwizard_10gbaser_multi_gt_i/gt0_gtwizard_gth_10gbaser_i/dclk
    GTHE2_CHANNEL_X1Y12  GTHE2_CHANNEL                                r  pcs_pma/inst/ten_gig_eth_pcs_pma_block_i/gt0_gtwizard_10gbaser_multi_gt_i/gt0_gtwizard_gth_10gbaser_i/gthe2_i/DRPCLK
                         clock pessimism             -0.781     7.914    
                         clock uncertainty           -0.066     7.848    
    GTHE2_CHANNEL_X1Y12  GTHE2_CHANNEL (Setup_gthe2_channel_DRPCLK_DRPADDR[4])
                                                     -0.247     7.601    pcs_pma/inst/ten_gig_eth_pcs_pma_block_i/gt0_gtwizard_10gbaser_multi_gt_i/gt0_gtwizard_gth_10gbaser_i/gthe2_i
  -------------------------------------------------------------------
                         required time                          7.601    
                         arrival time                          -0.120    
  -------------------------------------------------------------------
                         slack                                  7.481    





Min Delay Paths
--------------------------------------------------------------------------------------
Slack (MET) :             0.108ns  (arrival time - required time)
  Source:                 pcs_pma/inst/ten_gig_eth_pcs_pma_block_i/ten_gig_eth_pcs_pma_0_core/ten_gig_eth_pcs_pma_inst/G_IS_BASER.ten_gig_eth_pcs_pma_inst/BASER.ten_gig_eth_pcs_pma_inst/management_inst/drp_ipif_i/synch_1/toggle_sync/d1_reg/C
                            (rising edge-triggered cell FDRE clocked by clk_100_unbuffered  {rise@0.000ns fall@5.000ns period=10.000ns})
  Destination:            pcs_pma/inst/ten_gig_eth_pcs_pma_block_i/ten_gig_eth_pcs_pma_0_core/ten_gig_eth_pcs_pma_inst/G_IS_BASER.ten_gig_eth_pcs_pma_inst/BASER.ten_gig_eth_pcs_pma_inst/management_inst/drp_ipif_i/synch_1/toggle_sync/d1b_reg/D
                            (rising edge-triggered cell FDRE clocked by clk_100_unbuffered  {rise@0.000ns fall@5.000ns period=10.000ns})
  Path Group:             clk_100_unbuffered
  Path Type:              Hold (Min at Fast Process Corner)
  Requirement:            0.000ns  (clk_100_unbuffered rise@0.000ns - clk_100_unbuffered rise@0.000ns)
  Data Path Delay:        0.155ns  (logic 0.100ns (64.566%)  route 0.055ns (35.434%))
  Logic Levels:           0  
  Clock Path Skew:        0.000ns (DCD - SCD - CPR)
    Destination Clock Delay (DCD):    -0.559ns
    Source Clock Delay      (SCD):    -0.522ns
    Clock Pessimism Removal (CPR):    -0.037ns

    Location             Delay type                Incr(ns)  Path(ns)    Netlist Resource(s)
  -------------------------------------------------------------------    -------------------
                         (clock clk_100_unbuffered rise edge)
                                                      0.000     0.000 r  
    H19                                               0.000     0.000 r  sysclk_p (IN)
                         net (fo=0)                   0.000     0.000    sysclk_p
    H19                  IBUFDS (Prop_ibufds_I_O)     0.359     0.359 r  system_clock_input/O
                         net (fo=1, routed)           0.503     0.862    system_clock_divider/clk_200_in
    MMCME2_ADV_X1Y8      MMCME2_ADV (Prop_mmcme2_adv_CLKIN1_CLKOUT0)
                                                     -3.385    -2.523 r  system_clock_divider/mmcm/CLKOUT0
                         net (fo=1, routed)           1.161    -1.362    system_clock_divider/clk_100_unbuffered
    BUFGCTRL_X0Y16       BUFG (Prop_bufg_I_O)         0.026    -1.336 r  system_clock_divider/output_buffer/O
                         net (fo=42, routed)          0.814    -0.522    pcs_pma/inst/ten_gig_eth_pcs_pma_block_i/ten_gig_eth_pcs_pma_0_core/ten_gig_eth_pcs_pma_inst/G_IS_BASER.ten_gig_eth_pcs_pma_inst/BASER.ten_gig_eth_pcs_pma_inst/management_inst/drp_ipif_i/synch_1/toggle_sync/dclk
    SLICE_X221Y147       FDRE                                         r  pcs_pma/inst/ten_gig_eth_pcs_pma_block_i/ten_gig_eth_pcs_pma_0_core/ten_gig_eth_pcs_pma_inst/G_IS_BASER.ten_gig_eth_pcs_pma_inst/BASER.ten_gig_eth_pcs_pma_inst/management_inst/drp_ipif_i/synch_1/toggle_sync/d1_reg/C
  -------------------------------------------------------------------    -------------------
    SLICE_X221Y147       FDRE (Prop_fdre_C_Q)         0.100    -0.422 r  pcs_pma/inst/ten_gig_eth_pcs_pma_block_i/ten_gig_eth_pcs_pma_0_core/ten_gig_eth_pcs_pma_inst/G_IS_BASER.ten_gig_eth_pcs_pma_inst/BASER.ten_gig_eth_pcs_pma_inst/management_inst/drp_ipif_i/synch_1/toggle_sync/d1_reg/Q
                         net (fo=1, routed)           0.055    -0.367    pcs_pma/inst/ten_gig_eth_pcs_pma_block_i/ten_gig_eth_pcs_pma_0_core/ten_gig_eth_pcs_pma_inst/G_IS_BASER.ten_gig_eth_pcs_pma_inst/BASER.ten_gig_eth_pcs_pma_inst/management_inst/drp_ipif_i/synch_1/toggle_sync/d1
    SLICE_X221Y147       FDRE                                         r  pcs_pma/inst/ten_gig_eth_pcs_pma_block_i/ten_gig_eth_pcs_pma_0_core/ten_gig_eth_pcs_pma_inst/G_IS_BASER.ten_gig_eth_pcs_pma_inst/BASER.ten_gig_eth_pcs_pma_inst/management_inst/drp_ipif_i/synch_1/toggle_sync/d1b_reg/D
  -------------------------------------------------------------------    -------------------

                         (clock clk_100_unbuffered rise edge)
                                                      0.000     0.000 r  
    H19                                               0.000     0.000 r  sysclk_p (IN)
                         net (fo=0)                   0.000     0.000    sysclk_p
    H19                  IBUFDS (Prop_ibufds_I_O)     0.437     0.437 r  system_clock_input/O
                         net (fo=1, routed)           0.553     0.990    system_clock_divider/clk_200_in
    MMCME2_ADV_X1Y8      MMCME2_ADV (Prop_mmcme2_adv_CLKIN1_CLKOUT0)
                                                     -3.873    -2.883 r  system_clock_divider/mmcm/CLKOUT0
                         net (fo=1, routed)           1.235    -1.648    system_clock_divider/clk_100_unbuffered
    BUFGCTRL_X0Y16       BUFG (Prop_bufg_I_O)         0.030    -1.618 r  system_clock_divider/output_buffer/O
                         net (fo=42, routed)          1.059    -0.559    pcs_pma/inst/ten_gig_eth_pcs_pma_block_i/ten_gig_eth_pcs_pma_0_core/ten_gig_eth_pcs_pma_inst/G_IS_BASER.ten_gig_eth_pcs_pma_inst/BASER.ten_gig_eth_pcs_pma_inst/management_inst/drp_ipif_i/synch_1/toggle_sync/dclk
    SLICE_X221Y147       FDRE                                         r  pcs_pma/inst/ten_gig_eth_pcs_pma_block_i/ten_gig_eth_pcs_pma_0_core/ten_gig_eth_pcs_pma_inst/G_IS_BASER.ten_gig_eth_pcs_pma_inst/BASER.ten_gig_eth_pcs_pma_inst/management_inst/drp_ipif_i/synch_1/toggle_sync/d1b_reg/C
                         clock pessimism              0.037    -0.522    
    SLICE_X221Y147       FDRE (Hold_fdre_C_D)         0.047    -0.475    pcs_pma/inst/ten_gig_eth_pcs_pma_block_i/ten_gig_eth_pcs_pma_0_core/ten_gig_eth_pcs_pma_inst/G_IS_BASER.ten_gig_eth_pcs_pma_inst/BASER.ten_gig_eth_pcs_pma_inst/management_inst/drp_ipif_i/synch_1/toggle_sync/d1b_reg
  -------------------------------------------------------------------
                         required time                          0.475    
                         arrival time                          -0.367    
  -------------------------------------------------------------------
                         slack                                  0.108    





Pulse Width Checks
--------------------------------------------------------------------------------------
Clock Name:         clk_100_unbuffered
Waveform(ns):       { 0.000 5.000 }
Period(ns):         10.000
Sources:            { system_clock_divider/mmcm/CLKOUT0 }

Check Type        Corner  Lib Pin               Reference Pin  Required(ns)  Actual(ns)  Slack(ns)  Location             Pin
Min Period        n/a     GTHE2_CHANNEL/DRPCLK  n/a            5.714         10.000      4.286      GTHE2_CHANNEL_X1Y12  pcs_pma/inst/ten_gig_eth_pcs_pma_block_i/gt0_gtwizard_10gbaser_multi_gt_i/gt0_gtwizard_gth_10gbaser_i/gthe2_i/DRPCLK
Max Period        n/a     MMCME2_ADV/CLKOUT0    n/a            213.360       10.000      203.360    MMCME2_ADV_X1Y8      system_clock_divider/mmcm/CLKOUT0
Low Pulse Width   Slow    FDRE/C                n/a            0.400         5.000       4.600      SLICE_X220Y149       pcs_pma/inst/ten_gig_eth_pcs_pma_block_i/ten_gig_eth_pcs_pma_0_core/ten_gig_eth_pcs_pma_inst/G_IS_BASER.ten_gig_eth_pcs_pma_inst/BASER.ten_gig_eth_pcs_pma_inst/management_inst/drp_ipif_i/FSM_sequential_state_reg[1]/C
High Pulse Width  Slow    FDRE/C                n/a            0.350         5.000       4.650      SLICE_X220Y149       pcs_pma/inst/ten_gig_eth_pcs_pma_block_i/ten_gig_eth_pcs_pma_0_core/ten_gig_eth_pcs_pma_inst/G_IS_BASER.ten_gig_eth_pcs_pma_inst/BASER.ten_gig_eth_pcs_pma_inst/management_inst/drp_ipif_i/FSM_sequential_state_reg[0]/C



---------------------------------------------------------------------------------------------------
From Clock:  clkfb_unbuffered
  To Clock:  clkfb_unbuffered

Setup :           NA  Failing Endpoints,  Worst Slack           NA  ,  Total Violation           NA
Hold  :           NA  Failing Endpoints,  Worst Slack           NA  ,  Total Violation           NA
PW    :            0  Failing Endpoints,  Worst Slack        3.592ns,  Total Violation        0.000ns
---------------------------------------------------------------------------------------------------


Pulse Width Checks
--------------------------------------------------------------------------------------
Clock Name:         clkfb_unbuffered
Waveform(ns):       { 0.000 2.500 }
Period(ns):         5.000
Sources:            { system_clock_divider/mmcm/CLKFBOUT }

Check Type  Corner  Lib Pin             Reference Pin  Required(ns)  Actual(ns)  Slack(ns)  Location         Pin
Min Period  n/a     BUFG/I              n/a            1.408         5.000       3.591      BUFGCTRL_X0Y17   system_clock_divider/feedback_buffer/I
Max Period  n/a     MMCME2_ADV/CLKFBIN  n/a            100.000       5.000       95.000     MMCME2_ADV_X1Y8  system_clock_divider/mmcm/CLKFBIN



---------------------------------------------------------------------------------------------------
From Clock:  pcs_pma/inst/ten_gig_eth_pcs_pma_block_i/gt0_gtwizard_10gbaser_multi_gt_i/gt0_gtwizard_gth_10gbaser_i/gthe2_i/TXOUTCLK
  To Clock:  gt_refclk_p

Setup :            0  Failing Endpoints,  Worst Slack        2.453ns,  Total Violation        0.000ns
Hold  :           NA  Failing Endpoints,  Worst Slack           NA  ,  Total Violation           NA
---------------------------------------------------------------------------------------------------


Max Delay Paths
--------------------------------------------------------------------------------------
Slack (MET) :             2.453ns  (required time - arrival time)
  Source:                 pcs_pma/inst/ten_gig_eth_pcs_pma_block_i/ten_gig_eth_pcs_pma_0_core/ten_gig_eth_pcs_pma_inst/G_IS_BASER.ten_gig_eth_pcs_pma_inst/BASER.ten_gig_eth_pcs_pma_inst/G_7SERIES_TXFIFO.txratefifo_i/asynch_fifo_i/rd_lastgray_reg[0]/C
                            (rising edge-triggered cell FDSE clocked by pcs_pma/inst/ten_gig_eth_pcs_pma_block_i/gt0_gtwizard_10gbaser_multi_gt_i/gt0_gtwizard_gth_10gbaser_i/gthe2_i/TXOUTCLK  {rise@0.000ns fall@1.551ns period=3.103ns})
  Destination:            pcs_pma/inst/ten_gig_eth_pcs_pma_block_i/ten_gig_eth_pcs_pma_0_core/ten_gig_eth_pcs_pma_inst/G_IS_BASER.ten_gig_eth_pcs_pma_inst/BASER.ten_gig_eth_pcs_pma_inst/G_7SERIES_TXFIFO.txratefifo_i/asynch_fifo_i/rd_lastgray_wrclk0_reg[0]/D
                            (rising edge-triggered cell FDRE clocked by gt_refclk_p  {rise@0.000ns fall@3.200ns period=6.400ns})
  Path Group:             gt_refclk_p
  Path Type:              Setup (Max at Slow Process Corner)
  Requirement:            3.100ns  (MaxDelay Path 3.100ns)
  Data Path Delay:        0.587ns  (logic 0.204ns (34.733%)  route 0.383ns (65.267%))
  Logic Levels:           0  
  Timing Exception:       MaxDelay Path 3.100ns -datapath_only

    Location             Delay type                Incr(ns)  Path(ns)    Netlist Resource(s)
  -------------------------------------------------------------------    -------------------
    SLICE_X211Y148                                    0.000     0.000 r  pcs_pma/inst/ten_gig_eth_pcs_pma_block_i/ten_gig_eth_pcs_pma_0_core/ten_gig_eth_pcs_pma_inst/G_IS_BASER.ten_gig_eth_pcs_pma_inst/BASER.ten_gig_eth_pcs_pma_inst/G_7SERIES_TXFIFO.txratefifo_i/asynch_fifo_i/rd_lastgray_reg[0]/C
    SLICE_X211Y148       FDSE (Prop_fdse_C_Q)         0.204     0.204 r  pcs_pma/inst/ten_gig_eth_pcs_pma_block_i/ten_gig_eth_pcs_pma_0_core/ten_gig_eth_pcs_pma_inst/G_IS_BASER.ten_gig_eth_pcs_pma_inst/BASER.ten_gig_eth_pcs_pma_inst/G_7SERIES_TXFIFO.txratefifo_i/asynch_fifo_i/rd_lastgray_reg[0]/Q
                         net (fo=1, routed)           0.383     0.587    pcs_pma/inst/ten_gig_eth_pcs_pma_block_i/ten_gig_eth_pcs_pma_0_core/ten_gig_eth_pcs_pma_inst/G_IS_BASER.ten_gig_eth_pcs_pma_inst/BASER.ten_gig_eth_pcs_pma_inst/G_7SERIES_TXFIFO.txratefifo_i/asynch_fifo_i/rd_lastgray[0]
    SLICE_X210Y146       FDRE                                         r  pcs_pma/inst/ten_gig_eth_pcs_pma_block_i/ten_gig_eth_pcs_pma_0_core/ten_gig_eth_pcs_pma_inst/G_IS_BASER.ten_gig_eth_pcs_pma_inst/BASER.ten_gig_eth_pcs_pma_inst/G_7SERIES_TXFIFO.txratefifo_i/asynch_fifo_i/rd_lastgray_wrclk0_reg[0]/D
  -------------------------------------------------------------------    -------------------

                         max delay                    3.100     3.100    
    SLICE_X210Y146       FDRE (Setup_fdre_C_D)       -0.060     3.040    pcs_pma/inst/ten_gig_eth_pcs_pma_block_i/ten_gig_eth_pcs_pma_0_core/ten_gig_eth_pcs_pma_inst/G_IS_BASER.ten_gig_eth_pcs_pma_inst/BASER.ten_gig_eth_pcs_pma_inst/G_7SERIES_TXFIFO.txratefifo_i/asynch_fifo_i/rd_lastgray_wrclk0_reg[0]
  -------------------------------------------------------------------
                         required time                          3.040    
                         arrival time                          -0.587    
  -------------------------------------------------------------------
                         slack                                  2.453    





---------------------------------------------------------------------------------------------------
From Clock:  gt_refclk_p
  To Clock:  pcs_pma/inst/ten_gig_eth_pcs_pma_block_i/gt0_gtwizard_10gbaser_multi_gt_i/gt0_gtwizard_gth_10gbaser_i/gthe2_i/RXOUTCLK

Setup :            0  Failing Endpoints,  Worst Slack        2.423ns,  Total Violation        0.000ns
Hold  :           NA  Failing Endpoints,  Worst Slack           NA  ,  Total Violation           NA
---------------------------------------------------------------------------------------------------


Max Delay Paths
--------------------------------------------------------------------------------------
Slack (MET) :             2.423ns  (required time - arrival time)
  Source:                 pcs_pma/inst/ten_gig_eth_pcs_pma_block_i/ten_gig_eth_pcs_pma_0_core/ten_gig_eth_pcs_pma_inst/G_IS_BASER.ten_gig_eth_pcs_pma_inst/BASER.ten_gig_eth_pcs_pma_inst/pcs_reset_core_reg_reg/C
                            (rising edge-triggered cell FDRE clocked by gt_refclk_p  {rise@0.000ns fall@3.200ns period=6.400ns})
  Destination:            pcs_pma/inst/ten_gig_eth_pcs_pma_block_i/ten_gig_eth_pcs_pma_0_core/ten_gig_eth_pcs_pma_inst/G_IS_BASER.ten_gig_eth_pcs_pma_inst/BASER.ten_gig_eth_pcs_pma_inst/coreclk_rxusrclk2_resets_resyncs_i/d1_reg/D
                            (rising edge-triggered cell FDRE clocked by pcs_pma/inst/ten_gig_eth_pcs_pma_block_i/gt0_gtwizard_10gbaser_multi_gt_i/gt0_gtwizard_gth_10gbaser_i/gthe2_i/RXOUTCLK  {rise@0.000ns fall@1.551ns period=3.103ns})
  Path Group:             pcs_pma/inst/ten_gig_eth_pcs_pma_block_i/gt0_gtwizard_10gbaser_multi_gt_i/gt0_gtwizard_gth_10gbaser_i/gthe2_i/RXOUTCLK
  Path Type:              Setup (Max at Slow Process Corner)
  Requirement:            3.100ns  (MaxDelay Path 3.100ns)
  Data Path Delay:        0.618ns  (logic 0.204ns (33.013%)  route 0.414ns (66.987%))
  Logic Levels:           0  
  Timing Exception:       MaxDelay Path 3.100ns -datapath_only

    Location             Delay type                Incr(ns)  Path(ns)    Netlist Resource(s)
  -------------------------------------------------------------------    -------------------
    SLICE_X205Y155                                    0.000     0.000 r  pcs_pma/inst/ten_gig_eth_pcs_pma_block_i/ten_gig_eth_pcs_pma_0_core/ten_gig_eth_pcs_pma_inst/G_IS_BASER.ten_gig_eth_pcs_pma_inst/BASER.ten_gig_eth_pcs_pma_inst/pcs_reset_core_reg_reg/C
    SLICE_X205Y155       FDRE (Prop_fdre_C_Q)         0.204     0.204 r  pcs_pma/inst/ten_gig_eth_pcs_pma_block_i/ten_gig_eth_pcs_pma_0_core/ten_gig_eth_pcs_pma_inst/G_IS_BASER.ten_gig_eth_pcs_pma_inst/BASER.ten_gig_eth_pcs_pma_inst/pcs_reset_core_reg_reg/Q
                         net (fo=1, routed)           0.414     0.618    pcs_pma/inst/ten_gig_eth_pcs_pma_block_i/ten_gig_eth_pcs_pma_0_core/ten_gig_eth_pcs_pma_inst/G_IS_BASER.ten_gig_eth_pcs_pma_inst/BASER.ten_gig_eth_pcs_pma_inst/coreclk_rxusrclk2_resets_resyncs_i/in0
    SLICE_X206Y157       FDRE                                         r  pcs_pma/inst/ten_gig_eth_pcs_pma_block_i/ten_gig_eth_pcs_pma_0_core/ten_gig_eth_pcs_pma_inst/G_IS_BASER.ten_gig_eth_pcs_pma_inst/BASER.ten_gig_eth_pcs_pma_inst/coreclk_rxusrclk2_resets_resyncs_i/d1_reg/D
  -------------------------------------------------------------------    -------------------

                         max delay                    3.100     3.100    
    SLICE_X206Y157       FDRE (Setup_fdre_C_D)       -0.059     3.041    pcs_pma/inst/ten_gig_eth_pcs_pma_block_i/ten_gig_eth_pcs_pma_0_core/ten_gig_eth_pcs_pma_inst/G_IS_BASER.ten_gig_eth_pcs_pma_inst/BASER.ten_gig_eth_pcs_pma_inst/coreclk_rxusrclk2_resets_resyncs_i/d1_reg
  -------------------------------------------------------------------
                         required time                          3.041    
                         arrival time                          -0.618    
  -------------------------------------------------------------------
                         slack                                  2.423    





---------------------------------------------------------------------------------------------------
From Clock:  gt_refclk_p
  To Clock:  pcs_pma/inst/ten_gig_eth_pcs_pma_block_i/gt0_gtwizard_10gbaser_multi_gt_i/gt0_gtwizard_gth_10gbaser_i/gthe2_i/TXOUTCLK

Setup :            0  Failing Endpoints,  Worst Slack        5.831ns,  Total Violation        0.000ns
Hold  :           NA  Failing Endpoints,  Worst Slack           NA  ,  Total Violation           NA
---------------------------------------------------------------------------------------------------


Max Delay Paths
--------------------------------------------------------------------------------------
Slack (MET) :             5.831ns  (required time - arrival time)
  Source:                 pcs_pma/inst/ten_gig_eth_pcs_pma_block_i/ten_gig_eth_pcs_pma_0_core/ten_gig_eth_pcs_pma_inst/G_IS_BASER.ten_gig_eth_pcs_pma_inst/BASER.ten_gig_eth_pcs_pma_inst/G_7SERIES_TXFIFO.txratefifo_i/asynch_fifo_i/wr_gray_reg[0]/C
                            (rising edge-triggered cell FDSE clocked by gt_refclk_p  {rise@0.000ns fall@3.200ns period=6.400ns})
  Destination:            pcs_pma/inst/ten_gig_eth_pcs_pma_block_i/ten_gig_eth_pcs_pma_0_core/ten_gig_eth_pcs_pma_inst/G_IS_BASER.ten_gig_eth_pcs_pma_inst/BASER.ten_gig_eth_pcs_pma_inst/G_7SERIES_TXFIFO.txratefifo_i/asynch_fifo_i/wr_gray_rdclk0_reg[0]/D
                            (rising edge-triggered cell FDRE clocked by pcs_pma/inst/ten_gig_eth_pcs_pma_block_i/gt0_gtwizard_10gbaser_multi_gt_i/gt0_gtwizard_gth_10gbaser_i/gthe2_i/TXOUTCLK  {rise@0.000ns fall@1.551ns period=3.103ns})
  Path Group:             pcs_pma/inst/ten_gig_eth_pcs_pma_block_i/gt0_gtwizard_10gbaser_multi_gt_i/gt0_gtwizard_gth_10gbaser_i/gthe2_i/TXOUTCLK
  Path Type:              Setup (Max at Slow Process Corner)
  Requirement:            6.400ns  (MaxDelay Path 6.400ns)
  Data Path Delay:        0.560ns  (logic 0.259ns (46.212%)  route 0.301ns (53.788%))
  Logic Levels:           0  
  Timing Exception:       MaxDelay Path 6.400ns -datapath_only

    Location             Delay type                Incr(ns)  Path(ns)    Netlist Resource(s)
  -------------------------------------------------------------------    -------------------
    SLICE_X210Y147                                    0.000     0.000 r  pcs_pma/inst/ten_gig_eth_pcs_pma_block_i/ten_gig_eth_pcs_pma_0_core/ten_gig_eth_pcs_pma_inst/G_IS_BASER.ten_gig_eth_pcs_pma_inst/BASER.ten_gig_eth_pcs_pma_inst/G_7SERIES_TXFIFO.txratefifo_i/asynch_fifo_i/wr_gray_reg[0]/C
    SLICE_X210Y147       FDSE (Prop_fdse_C_Q)         0.259     0.259 r  pcs_pma/inst/ten_gig_eth_pcs_pma_block_i/ten_gig_eth_pcs_pma_0_core/ten_gig_eth_pcs_pma_inst/G_IS_BASER.ten_gig_eth_pcs_pma_inst/BASER.ten_gig_eth_pcs_pma_inst/G_7SERIES_TXFIFO.txratefifo_i/asynch_fifo_i/wr_gray_reg[0]/Q
                         net (fo=2, routed)           0.301     0.560    pcs_pma/inst/ten_gig_eth_pcs_pma_block_i/ten_gig_eth_pcs_pma_0_core/ten_gig_eth_pcs_pma_inst/G_IS_BASER.ten_gig_eth_pcs_pma_inst/BASER.ten_gig_eth_pcs_pma_inst/G_7SERIES_TXFIFO.txratefifo_i/asynch_fifo_i/wr_gray[0]
    SLICE_X213Y146       FDRE                                         r  pcs_pma/inst/ten_gig_eth_pcs_pma_block_i/ten_gig_eth_pcs_pma_0_core/ten_gig_eth_pcs_pma_inst/G_IS_BASER.ten_gig_eth_pcs_pma_inst/BASER.ten_gig_eth_pcs_pma_inst/G_7SERIES_TXFIFO.txratefifo_i/asynch_fifo_i/wr_gray_rdclk0_reg[0]/D
  -------------------------------------------------------------------    -------------------

                         max delay                    6.400     6.400    
    SLICE_X213Y146       FDRE (Setup_fdre_C_D)       -0.009     6.391    pcs_pma/inst/ten_gig_eth_pcs_pma_block_i/ten_gig_eth_pcs_pma_0_core/ten_gig_eth_pcs_pma_inst/G_IS_BASER.ten_gig_eth_pcs_pma_inst/BASER.ten_gig_eth_pcs_pma_inst/G_7SERIES_TXFIFO.txratefifo_i/asynch_fifo_i/wr_gray_rdclk0_reg[0]
  -------------------------------------------------------------------
                         required time                          6.391    
                         arrival time                          -0.560    
  -------------------------------------------------------------------
                         slack                                  5.831    





---------------------------------------------------------------------------------------------------
From Clock:  gt_refclk_p
  To Clock:  clk_100_unbuffered

Setup :            0  Failing Endpoints,  Worst Slack        2.445ns,  Total Violation        0.000ns
Hold  :           NA  Failing Endpoints,  Worst Slack           NA  ,  Total Violation           NA
---------------------------------------------------------------------------------------------------


Max Delay Paths
--------------------------------------------------------------------------------------
Slack (MET) :             2.445ns  (required time - arrival time)
  Source:                 pcs_pma/inst/ten_gig_eth_pcs_pma_block_i/ten_gig_eth_pcs_pma_0_core/ten_gig_eth_pcs_pma_inst/G_IS_BASER.ten_gig_eth_pcs_pma_inst/BASER.ten_gig_eth_pcs_pma_inst/management_inst/drp_ipif_i/synch_1/d_reg_reg[24]/C
                            (rising edge-triggered cell FDRE clocked by gt_refclk_p  {rise@0.000ns fall@3.200ns period=6.400ns})
  Destination:            pcs_pma/inst/ten_gig_eth_pcs_pma_block_i/ten_gig_eth_pcs_pma_0_core/ten_gig_eth_pcs_pma_inst/G_IS_BASER.ten_gig_eth_pcs_pma_inst/BASER.ten_gig_eth_pcs_pma_inst/management_inst/drp_ipif_i/synch_1/q_reg[24]/D
                            (rising edge-triggered cell FDRE clocked by clk_100_unbuffered  {rise@0.000ns fall@5.000ns period=10.000ns})
  Path Group:             clk_100_unbuffered
  Path Type:              Setup (Max at Slow Process Corner)
  Requirement:            3.100ns  (MaxDelay Path 3.100ns)
  Data Path Delay:        0.721ns  (logic 0.266ns (36.889%)  route 0.455ns (63.111%))
  Logic Levels:           1  (LUT4=1)
  Timing Exception:       MaxDelay Path 3.100ns -datapath_only

    Location             Delay type                Incr(ns)  Path(ns)    Netlist Resource(s)
  -------------------------------------------------------------------    -------------------
    SLICE_X219Y147                                    0.000     0.000 r  pcs_pma/inst/ten_gig_eth_pcs_pma_block_i/ten_gig_eth_pcs_pma_0_core/ten_gig_eth_pcs_pma_inst/G_IS_BASER.ten_gig_eth_pcs_pma_inst/BASER.ten_gig_eth_pcs_pma_inst/management_inst/drp_ipif_i/synch_1/d_reg_reg[24]/C
    SLICE_X219Y147       FDRE (Prop_fdre_C_Q)         0.223     0.223 r  pcs_pma/inst/ten_gig_eth_pcs_pma_block_i/ten_gig_eth_pcs_pma_0_core/ten_gig_eth_pcs_pma_inst/G_IS_BASER.ten_gig_eth_pcs_pma_inst/BASER.ten_gig_eth_pcs_pma_inst/management_inst/drp_ipif_i/synch_1/d_reg_reg[24]/Q
                         net (fo=1, routed)           0.455     0.678    pcs_pma/inst/ten_gig_eth_pcs_pma_block_i/ten_gig_eth_pcs_pma_0_core/ten_gig_eth_pcs_pma_inst/G_IS_BASER.ten_gig_eth_pcs_pma_inst/BASER.ten_gig_eth_pcs_pma_inst/management_inst/drp_ipif_i/synch_1/d_reg[24]
    SLICE_X220Y147       LUT4 (Prop_lut4_I0_O)        0.043     0.721 r  pcs_pma/inst/ten_gig_eth_pcs_pma_block_i/ten_gig_eth_pcs_pma_0_core/ten_gig_eth_pcs_pma_inst/G_IS_BASER.ten_gig_eth_pcs_pma_inst/BASER.ten_gig_eth_pcs_pma_inst/management_inst/drp_ipif_i/synch_1/q[24]_i_1/O
                         net (fo=1, routed)           0.000     0.721    pcs_pma/inst/ten_gig_eth_pcs_pma_block_i/ten_gig_eth_pcs_pma_0_core/ten_gig_eth_pcs_pma_inst/G_IS_BASER.ten_gig_eth_pcs_pma_inst/BASER.ten_gig_eth_pcs_pma_inst/management_inst/drp_ipif_i/synch_1/q[24]_i_1_n_0
    SLICE_X220Y147       FDRE                                         r  pcs_pma/inst/ten_gig_eth_pcs_pma_block_i/ten_gig_eth_pcs_pma_0_core/ten_gig_eth_pcs_pma_inst/G_IS_BASER.ten_gig_eth_pcs_pma_inst/BASER.ten_gig_eth_pcs_pma_inst/management_inst/drp_ipif_i/synch_1/q_reg[24]/D
  -------------------------------------------------------------------    -------------------

                         max delay                    3.100     3.100    
    SLICE_X220Y147       FDRE (Setup_fdre_C_D)        0.066     3.166    pcs_pma/inst/ten_gig_eth_pcs_pma_block_i/ten_gig_eth_pcs_pma_0_core/ten_gig_eth_pcs_pma_inst/G_IS_BASER.ten_gig_eth_pcs_pma_inst/BASER.ten_gig_eth_pcs_pma_inst/management_inst/drp_ipif_i/synch_1/q_reg[24]
  -------------------------------------------------------------------
                         required time                          3.166    
                         arrival time                          -0.721    
  -------------------------------------------------------------------
                         slack                                  2.445    





---------------------------------------------------------------------------------------------------
Path Group:  **async_default**
From Clock:  gt_refclk_p
  To Clock:  gt_refclk_p

Setup :            0  Failing Endpoints,  Worst Slack        2.762ns,  Total Violation        0.000ns
Hold  :            0  Failing Endpoints,  Worst Slack        0.999ns,  Total Violation        0.000ns
---------------------------------------------------------------------------------------------------


Max Delay Paths
--------------------------------------------------------------------------------------
Slack (MET) :             2.762ns  (required time - arrival time)
  Source:                 pcs_pma/inst/ten_gig_eth_pcs_pma_block_i/gt0_rxresetdone_i_sync_i/data_out_reg/C
                            (rising edge-triggered cell FDRE clocked by gt_refclk_p  {rise@0.000ns fall@3.200ns period=6.400ns})
  Destination:            test_transmitter/delay_counter_reg[6]/CLR
                            (recovery check against rising-edge clock gt_refclk_p  {rise@0.000ns fall@3.200ns period=6.400ns})
  Path Group:             **async_default**
  Path Type:              Recovery (Max at Slow Process Corner)
  Requirement:            6.400ns  (gt_refclk_p rise@6.400ns - gt_refclk_p rise@0.000ns)
  Data Path Delay:        3.449ns  (logic 0.345ns (10.004%)  route 3.104ns (89.996%))
  Logic Levels:           2  (LUT1=1 LUT2=1)
  Clock Path Skew:        0.033ns (DCD - SCD + CPR)
    Destination Clock Delay (DCD):    5.071ns = ( 11.471 - 6.400 ) 
    Source Clock Delay      (SCD):    6.137ns
    Clock Pessimism Removal (CPR):    1.099ns
  Clock Uncertainty:      0.035ns  ((TSJ^2 + TIJ^2)^1/2 + DJ) / 2 + PE
    Total System Jitter     (TSJ):    0.071ns
    Total Input Jitter      (TIJ):    0.000ns
    Discrete Jitter          (DJ):    0.000ns
    Phase Error              (PE):    0.000ns

    Location             Delay type                Incr(ns)  Path(ns)    Netlist Resource(s)
  -------------------------------------------------------------------    -------------------
                         (clock gt_refclk_p rise edge)
                                                      0.000     0.000 r  
    AK8                                               0.000     0.000 r  gt_refclk_p (IN)
                         net (fo=0)                   0.000     0.000    pcs_pma/inst/ten_gig_eth_pcs_pma_shared_clock_reset_block/refclk_p
    AK8                  IBUF (Prop_ibuf_I_O)         0.000     0.000 r  pcs_pma/inst/ten_gig_eth_pcs_pma_shared_clock_reset_block/refclk_p_buf/O
                         net (fo=1, routed)           0.000     0.000    pcs_pma/inst/ten_gig_eth_pcs_pma_shared_clock_reset_block/refclk_p_buffed
    IBUFDS_GTE2_X1Y7     IBUFDS_GTE2 (Prop_ibufds_gte2_I_O)
                                                      2.355     2.355 r  pcs_pma/inst/ten_gig_eth_pcs_pma_shared_clock_reset_block/ibufds_inst/O
                         net (fo=2, routed)           2.024     4.379    pcs_pma/inst/ten_gig_eth_pcs_pma_shared_clock_reset_block/refclk
    BUFGCTRL_X0Y1        BUFG (Prop_bufg_I_O)         0.093     4.472 r  pcs_pma/inst/ten_gig_eth_pcs_pma_shared_clock_reset_block/coreclk_bufg_inst/O
                         net (fo=1022, routed)        1.665     6.137    pcs_pma/inst/ten_gig_eth_pcs_pma_block_i/gt0_rxresetdone_i_sync_i/sync1_r_reg[4]_0
    SLICE_X210Y152       FDRE                                         r  pcs_pma/inst/ten_gig_eth_pcs_pma_block_i/gt0_rxresetdone_i_sync_i/data_out_reg/C
  -------------------------------------------------------------------    -------------------
    SLICE_X210Y152       FDRE (Prop_fdre_C_Q)         0.259     6.396 r  pcs_pma/inst/ten_gig_eth_pcs_pma_block_i/gt0_rxresetdone_i_sync_i/data_out_reg/Q
                         net (fo=4, routed)           0.556     6.952    pcs_pma/inst/ten_gig_eth_pcs_pma_block_i/gt0_rxresetdone_i_sync_i/rx_resetdone_int
    SLICE_X210Y153       LUT2 (Prop_lut2_I0_O)        0.043     6.995 r  pcs_pma/inst/ten_gig_eth_pcs_pma_block_i/gt0_rxresetdone_i_sync_i/resetdone_out_INST_0/O
                         net (fo=4, routed)           0.810     7.806    pcs_resetdone
    SLICE_X194Y155       LUT1 (Prop_lut1_I0_O)        0.043     7.849 f  test_transmitter_i_1/O
                         net (fo=158, routed)         1.737     9.586    test_transmitter/reset
    SLICE_X192Y140       FDCE                                         f  test_transmitter/delay_counter_reg[6]/CLR
  -------------------------------------------------------------------    -------------------

                         (clock gt_refclk_p rise edge)
                                                      6.400     6.400 r  
    AK8                                               0.000     6.400 r  gt_refclk_p (IN)
                         net (fo=0)                   0.000     6.400    pcs_pma/inst/ten_gig_eth_pcs_pma_shared_clock_reset_block/refclk_p
    AK8                  IBUF (Prop_ibuf_I_O)         0.000     6.400 r  pcs_pma/inst/ten_gig_eth_pcs_pma_shared_clock_reset_block/refclk_p_buf/O
                         net (fo=1, routed)           0.000     6.400    pcs_pma/inst/ten_gig_eth_pcs_pma_shared_clock_reset_block/refclk_p_buffed
    IBUFDS_GTE2_X1Y7     IBUFDS_GTE2 (Prop_ibufds_gte2_I_O)
                                                      1.418     7.818 r  pcs_pma/inst/ten_gig_eth_pcs_pma_shared_clock_reset_block/ibufds_inst/O
                         net (fo=2, routed)           1.887     9.705    pcs_pma/inst/ten_gig_eth_pcs_pma_shared_clock_reset_block/refclk
    BUFGCTRL_X0Y1        BUFG (Prop_bufg_I_O)         0.083     9.788 r  pcs_pma/inst/ten_gig_eth_pcs_pma_shared_clock_reset_block/coreclk_bufg_inst/O
                         net (fo=1022, routed)        1.683    11.471    test_transmitter/clk
    SLICE_X192Y140       FDCE                                         r  test_transmitter/delay_counter_reg[6]/C
                         clock pessimism              1.099    12.570    
                         clock uncertainty           -0.035    12.535    
    SLICE_X192Y140       FDCE (Recov_fdce_C_CLR)     -0.187    12.348    test_transmitter/delay_counter_reg[6]
  -------------------------------------------------------------------
                         required time                         12.348    
                         arrival time                          -9.586    
  -------------------------------------------------------------------
                         slack                                  2.762    





Min Delay Paths
--------------------------------------------------------------------------------------
Slack (MET) :             0.999ns  (arrival time - required time)
  Source:                 pcs_pma/inst/ten_gig_eth_pcs_pma_block_i/gt0_txresetdone_i_sync_i/data_out_reg/C
                            (rising edge-triggered cell FDRE clocked by gt_refclk_p  {rise@0.000ns fall@3.200ns period=6.400ns})
  Destination:            test_transmitter/xgmii_txd_reg[43]/CLR
                            (removal check against rising-edge clock gt_refclk_p  {rise@0.000ns fall@3.200ns period=6.400ns})
  Path Group:             **async_default**
  Path Type:              Removal (Min at Fast Process Corner)
  Requirement:            0.000ns  (gt_refclk_p rise@0.000ns - gt_refclk_p rise@0.000ns)
  Data Path Delay:        1.189ns  (logic 0.174ns (14.634%)  route 1.015ns (85.366%))
  Logic Levels:           2  (LUT1=1 LUT2=1)
  Clock Path Skew:        0.259ns (DCD - SCD - CPR)
    Destination Clock Delay (DCD):    2.796ns
    Source Clock Delay      (SCD):    2.127ns
    Clock Pessimism Removal (CPR):    0.410ns

    Location             Delay type                Incr(ns)  Path(ns)    Netlist Resource(s)
  -------------------------------------------------------------------    -------------------
                         (clock gt_refclk_p rise edge)
                                                      0.000     0.000 r  
    AK8                                               0.000     0.000 r  gt_refclk_p (IN)
                         net (fo=0)                   0.000     0.000    pcs_pma/inst/ten_gig_eth_pcs_pma_shared_clock_reset_block/refclk_p
    AK8                  IBUF (Prop_ibuf_I_O)         0.000     0.000 r  pcs_pma/inst/ten_gig_eth_pcs_pma_shared_clock_reset_block/refclk_p_buf/O
                         net (fo=1, routed)           0.000     0.000    pcs_pma/inst/ten_gig_eth_pcs_pma_shared_clock_reset_block/refclk_p_buffed
    IBUFDS_GTE2_X1Y7     IBUFDS_GTE2 (Prop_ibufds_gte2_I_O)
                                                      0.441     0.441 r  pcs_pma/inst/ten_gig_eth_pcs_pma_shared_clock_reset_block/ibufds_inst/O
                         net (fo=2, routed)           0.901     1.342    pcs_pma/inst/ten_gig_eth_pcs_pma_shared_clock_reset_block/refclk
    BUFGCTRL_X0Y1        BUFG (Prop_bufg_I_O)         0.026     1.368 r  pcs_pma/inst/ten_gig_eth_pcs_pma_shared_clock_reset_block/coreclk_bufg_inst/O
                         net (fo=1022, routed)        0.759     2.127    pcs_pma/inst/ten_gig_eth_pcs_pma_block_i/gt0_txresetdone_i_sync_i/sync1_r_reg[4]_0
    SLICE_X210Y151       FDRE                                         r  pcs_pma/inst/ten_gig_eth_pcs_pma_block_i/gt0_txresetdone_i_sync_i/data_out_reg/C
  -------------------------------------------------------------------    -------------------
    SLICE_X210Y151       FDRE (Prop_fdre_C_Q)         0.118     2.245 r  pcs_pma/inst/ten_gig_eth_pcs_pma_block_i/gt0_txresetdone_i_sync_i/data_out_reg/Q
                         net (fo=3, routed)           0.174     2.420    pcs_pma/inst/ten_gig_eth_pcs_pma_block_i/gt0_rxresetdone_i_sync_i/tx_resetdone_int
    SLICE_X210Y153       LUT2 (Prop_lut2_I1_O)        0.028     2.448 r  pcs_pma/inst/ten_gig_eth_pcs_pma_block_i/gt0_rxresetdone_i_sync_i/resetdone_out_INST_0/O
                         net (fo=4, routed)           0.442     2.890    pcs_resetdone
    SLICE_X194Y155       LUT1 (Prop_lut1_I0_O)        0.028     2.918 f  test_transmitter_i_1/O
                         net (fo=158, routed)         0.398     3.317    test_transmitter/reset
    SLICE_X195Y145       FDCE                                         f  test_transmitter/xgmii_txd_reg[43]/CLR
  -------------------------------------------------------------------    -------------------

                         (clock gt_refclk_p rise edge)
                                                      0.000     0.000 r  
    AK8                                               0.000     0.000 r  gt_refclk_p (IN)
                         net (fo=0)                   0.000     0.000    pcs_pma/inst/ten_gig_eth_pcs_pma_shared_clock_reset_block/refclk_p
    AK8                  IBUF (Prop_ibuf_I_O)         0.000     0.000 r  pcs_pma/inst/ten_gig_eth_pcs_pma_shared_clock_reset_block/refclk_p_buf/O
                         net (fo=1, routed)           0.000     0.000    pcs_pma/inst/ten_gig_eth_pcs_pma_shared_clock_reset_block/refclk_p_buffed
    IBUFDS_GTE2_X1Y7     IBUFDS_GTE2 (Prop_ibufds_gte2_I_O)
                                                      0.732     0.732 r  pcs_pma/inst/ten_gig_eth_pcs_pma_shared_clock_reset_block/ibufds_inst/O
                         net (fo=2, routed)           0.988     1.720    pcs_pma/inst/ten_gig_eth_pcs_pma_shared_clock_reset_block/refclk
    BUFGCTRL_X0Y1        BUFG (Prop_bufg_I_O)         0.030     1.750 r  pcs_pma/inst/ten_gig_eth_pcs_pma_shared_clock_reset_block/coreclk_bufg_inst/O
                         net (fo=1022, routed)        1.046     2.796    test_transmitter/clk
    SLICE_X195Y145       FDCE                                         r  test_transmitter/xgmii_txd_reg[43]/C
                         clock pessimism             -0.410     2.386    
    SLICE_X195Y145       FDCE (Remov_fdce_C_CLR)     -0.069     2.317    test_transmitter/xgmii_txd_reg[43]
  -------------------------------------------------------------------
                         required time                         -2.317    
                         arrival time                           3.317    
  -------------------------------------------------------------------
                         slack                                  0.999    





---------------------------------------------------------------------------------------------------
Path Group:  **async_default**
From Clock:  pcs_pma/inst/ten_gig_eth_pcs_pma_block_i/gt0_gtwizard_10gbaser_multi_gt_i/gt0_gtwizard_gth_10gbaser_i/gthe2_i/TXOUTCLK
  To Clock:  pcs_pma/inst/ten_gig_eth_pcs_pma_block_i/gt0_gtwizard_10gbaser_multi_gt_i/gt0_gtwizard_gth_10gbaser_i/gthe2_i/TXOUTCLK

Setup :            0  Failing Endpoints,  Worst Slack        2.104ns,  Total Violation        0.000ns
Hold  :            0  Failing Endpoints,  Worst Slack        0.352ns,  Total Violation        0.000ns
---------------------------------------------------------------------------------------------------


Max Delay Paths
--------------------------------------------------------------------------------------
Slack (MET) :             2.104ns  (required time - arrival time)
  Source:                 pcs_pma/inst/ten_gig_eth_pcs_pma_shared_clock_reset_block/gttxreset_txusrclk2_sync_i/data_out_reg/C
                            (rising edge-triggered cell FDRE clocked by pcs_pma/inst/ten_gig_eth_pcs_pma_block_i/gt0_gtwizard_10gbaser_multi_gt_i/gt0_gtwizard_gth_10gbaser_i/gthe2_i/TXOUTCLK  {rise@0.000ns fall@1.551ns period=3.103ns})
  Destination:            pcs_pma/inst/ten_gig_eth_pcs_pma_shared_clock_reset_block/txuserrdy_reg/CLR
                            (recovery check against rising-edge clock pcs_pma/inst/ten_gig_eth_pcs_pma_block_i/gt0_gtwizard_10gbaser_multi_gt_i/gt0_gtwizard_gth_10gbaser_i/gthe2_i/TXOUTCLK  {rise@0.000ns fall@1.551ns period=3.103ns})
  Path Group:             **async_default**
  Path Type:              Recovery (Max at Slow Process Corner)
  Requirement:            3.103ns  (pcs_pma/inst/ten_gig_eth_pcs_pma_block_i/gt0_gtwizard_10gbaser_multi_gt_i/gt0_gtwizard_gth_10gbaser_i/gthe2_i/TXOUTCLK rise@3.103ns - pcs_pma/inst/ten_gig_eth_pcs_pma_block_i/gt0_gtwizard_10gbaser_multi_gt_i/gt0_gtwizard_gth_10gbaser_i/gthe2_i/TXOUTCLK rise@0.000ns)
  Data Path Delay:        0.616ns  (logic 0.204ns (33.128%)  route 0.412ns (66.872%))
  Logic Levels:           0  
  Clock Path Skew:        -0.053ns (DCD - SCD + CPR)
    Destination Clock Delay (DCD):    3.496ns = ( 6.599 - 3.103 ) 
    Source Clock Delay      (SCD):    3.784ns
    Clock Pessimism Removal (CPR):    0.235ns
  Clock Uncertainty:      0.035ns  ((TSJ^2 + TIJ^2)^1/2 + DJ) / 2 + PE
    Total System Jitter     (TSJ):    0.071ns
    Total Input Jitter      (TIJ):    0.000ns
    Discrete Jitter          (DJ):    0.000ns
    Phase Error              (PE):    0.000ns

    Location             Delay type                Incr(ns)  Path(ns)    Netlist Resource(s)
  -------------------------------------------------------------------    -------------------
                         (clock pcs_pma/inst/ten_gig_eth_pcs_pma_block_i/gt0_gtwizard_10gbaser_multi_gt_i/gt0_gtwizard_gth_10gbaser_i/gthe2_i/TXOUTCLK rise edge)
                                                      0.000     0.000 r  
    GTHE2_CHANNEL_X1Y12  GTHE2_CHANNEL                0.000     0.000 r  pcs_pma/inst/ten_gig_eth_pcs_pma_block_i/gt0_gtwizard_10gbaser_multi_gt_i/gt0_gtwizard_gth_10gbaser_i/gthe2_i/TXOUTCLK
                         net (fo=1, routed)           2.024     2.024    pcs_pma/inst/ten_gig_eth_pcs_pma_shared_clock_reset_block/txoutclk
    BUFGCTRL_X0Y0        BUFG (Prop_bufg_I_O)         0.093     2.117 r  pcs_pma/inst/ten_gig_eth_pcs_pma_shared_clock_reset_block/txoutclk_bufg_i/O
                         net (fo=203, routed)         1.667     3.784    pcs_pma/inst/ten_gig_eth_pcs_pma_shared_clock_reset_block/gttxreset_txusrclk2_sync_i/CLK
    SLICE_X215Y150       FDRE                                         r  pcs_pma/inst/ten_gig_eth_pcs_pma_shared_clock_reset_block/gttxreset_txusrclk2_sync_i/data_out_reg/C
  -------------------------------------------------------------------    -------------------
    SLICE_X215Y150       FDRE (Prop_fdre_C_Q)         0.204     3.988 f  pcs_pma/inst/ten_gig_eth_pcs_pma_shared_clock_reset_block/gttxreset_txusrclk2_sync_i/data_out_reg/Q
                         net (fo=1, routed)           0.412     4.400    pcs_pma/inst/ten_gig_eth_pcs_pma_shared_clock_reset_block/gttxreset_txusrclk2
    SLICE_X217Y150       FDCE                                         f  pcs_pma/inst/ten_gig_eth_pcs_pma_shared_clock_reset_block/txuserrdy_reg/CLR
  -------------------------------------------------------------------    -------------------

                         (clock pcs_pma/inst/ten_gig_eth_pcs_pma_block_i/gt0_gtwizard_10gbaser_multi_gt_i/gt0_gtwizard_gth_10gbaser_i/gthe2_i/TXOUTCLK rise edge)
                                                      3.103     3.103 r  
    GTHE2_CHANNEL_X1Y12  GTHE2_CHANNEL                0.000     3.103 r  pcs_pma/inst/ten_gig_eth_pcs_pma_block_i/gt0_gtwizard_10gbaser_multi_gt_i/gt0_gtwizard_gth_10gbaser_i/gthe2_i/TXOUTCLK
                         net (fo=1, routed)           1.887     4.990    pcs_pma/inst/ten_gig_eth_pcs_pma_shared_clock_reset_block/txoutclk
    BUFGCTRL_X0Y0        BUFG (Prop_bufg_I_O)         0.083     5.073 r  pcs_pma/inst/ten_gig_eth_pcs_pma_shared_clock_reset_block/txoutclk_bufg_i/O
                         net (fo=203, routed)         1.526     6.599    pcs_pma/inst/ten_gig_eth_pcs_pma_shared_clock_reset_block/CLK
    SLICE_X217Y150       FDCE                                         r  pcs_pma/inst/ten_gig_eth_pcs_pma_shared_clock_reset_block/txuserrdy_reg/C
                         clock pessimism              0.235     6.834    
                         clock uncertainty           -0.035     6.799    
    SLICE_X217Y150       FDCE (Recov_fdce_C_CLR)     -0.295     6.504    pcs_pma/inst/ten_gig_eth_pcs_pma_shared_clock_reset_block/txuserrdy_reg
  -------------------------------------------------------------------
                         required time                          6.504    
                         arrival time                          -4.400    
  -------------------------------------------------------------------
                         slack                                  2.104    





Min Delay Paths
--------------------------------------------------------------------------------------
Slack (MET) :             0.352ns  (arrival time - required time)
  Source:                 pcs_pma/inst/ten_gig_eth_pcs_pma_shared_clock_reset_block/gttxreset_txusrclk2_sync_i/data_out_reg/C
                            (rising edge-triggered cell FDRE clocked by pcs_pma/inst/ten_gig_eth_pcs_pma_block_i/gt0_gtwizard_10gbaser_multi_gt_i/gt0_gtwizard_gth_10gbaser_i/gthe2_i/TXOUTCLK  {rise@0.000ns fall@1.551ns period=3.103ns})
  Destination:            pcs_pma/inst/ten_gig_eth_pcs_pma_shared_clock_reset_block/txuserrdy_reg/CLR
                            (removal check against rising-edge clock pcs_pma/inst/ten_gig_eth_pcs_pma_block_i/gt0_gtwizard_10gbaser_multi_gt_i/gt0_gtwizard_gth_10gbaser_i/gthe2_i/TXOUTCLK  {rise@0.000ns fall@1.551ns period=3.103ns})
  Path Group:             **async_default**
  Path Type:              Removal (Min at Fast Process Corner)
  Requirement:            0.000ns  (pcs_pma/inst/ten_gig_eth_pcs_pma_block_i/gt0_gtwizard_10gbaser_multi_gt_i/gt0_gtwizard_gth_10gbaser_i/gthe2_i/TXOUTCLK rise@0.000ns - pcs_pma/inst/ten_gig_eth_pcs_pma_block_i/gt0_gtwizard_10gbaser_multi_gt_i/gt0_gtwizard_gth_10gbaser_i/gthe2_i/TXOUTCLK rise@0.000ns)
  Data Path Delay:        0.282ns  (logic 0.091ns (32.293%)  route 0.191ns (67.707%))
  Logic Levels:           0  
  Clock Path Skew:        0.037ns (DCD - SCD - CPR)
    Destination Clock Delay (DCD):    2.003ns
    Source Clock Delay      (SCD):    1.687ns
    Clock Pessimism Removal (CPR):    0.279ns

    Location             Delay type                Incr(ns)  Path(ns)    Netlist Resource(s)
  -------------------------------------------------------------------    -------------------
                         (clock pcs_pma/inst/ten_gig_eth_pcs_pma_block_i/gt0_gtwizard_10gbaser_multi_gt_i/gt0_gtwizard_gth_10gbaser_i/gthe2_i/TXOUTCLK rise edge)
                                                      0.000     0.000 r  
    GTHE2_CHANNEL_X1Y12  GTHE2_CHANNEL                0.000     0.000 r  pcs_pma/inst/ten_gig_eth_pcs_pma_block_i/gt0_gtwizard_10gbaser_multi_gt_i/gt0_gtwizard_gth_10gbaser_i/gthe2_i/TXOUTCLK
                         net (fo=1, routed)           0.901     0.901    pcs_pma/inst/ten_gig_eth_pcs_pma_shared_clock_reset_block/txoutclk
    BUFGCTRL_X0Y0        BUFG (Prop_bufg_I_O)         0.026     0.927 r  pcs_pma/inst/ten_gig_eth_pcs_pma_shared_clock_reset_block/txoutclk_bufg_i/O
                         net (fo=203, routed)         0.760     1.687    pcs_pma/inst/ten_gig_eth_pcs_pma_shared_clock_reset_block/gttxreset_txusrclk2_sync_i/CLK
    SLICE_X215Y150       FDRE                                         r  pcs_pma/inst/ten_gig_eth_pcs_pma_shared_clock_reset_block/gttxreset_txusrclk2_sync_i/data_out_reg/C
  -------------------------------------------------------------------    -------------------
    SLICE_X215Y150       FDRE (Prop_fdre_C_Q)         0.091     1.778 f  pcs_pma/inst/ten_gig_eth_pcs_pma_shared_clock_reset_block/gttxreset_txusrclk2_sync_i/data_out_reg/Q
                         net (fo=1, routed)           0.191     1.969    pcs_pma/inst/ten_gig_eth_pcs_pma_shared_clock_reset_block/gttxreset_txusrclk2
    SLICE_X217Y150       FDCE                                         f  pcs_pma/inst/ten_gig_eth_pcs_pma_shared_clock_reset_block/txuserrdy_reg/CLR
  -------------------------------------------------------------------    -------------------

                         (clock pcs_pma/inst/ten_gig_eth_pcs_pma_block_i/gt0_gtwizard_10gbaser_multi_gt_i/gt0_gtwizard_gth_10gbaser_i/gthe2_i/TXOUTCLK rise edge)
                                                      0.000     0.000 r  
    GTHE2_CHANNEL_X1Y12  GTHE2_CHANNEL                0.000     0.000 r  pcs_pma/inst/ten_gig_eth_pcs_pma_block_i/gt0_gtwizard_10gbaser_multi_gt_i/gt0_gtwizard_gth_10gbaser_i/gthe2_i/TXOUTCLK
                         net (fo=1, routed)           0.988     0.988    pcs_pma/inst/ten_gig_eth_pcs_pma_shared_clock_reset_block/txoutclk
    BUFGCTRL_X0Y0        BUFG (Prop_bufg_I_O)         0.030     1.018 r  pcs_pma/inst/ten_gig_eth_pcs_pma_shared_clock_reset_block/txoutclk_bufg_i/O
                         net (fo=203, routed)         0.985     2.003    pcs_pma/inst/ten_gig_eth_pcs_pma_shared_clock_reset_block/CLK
    SLICE_X217Y150       FDCE                                         r  pcs_pma/inst/ten_gig_eth_pcs_pma_shared_clock_reset_block/txuserrdy_reg/C
                         clock pessimism             -0.279     1.724    
    SLICE_X217Y150       FDCE (Remov_fdce_C_CLR)     -0.107     1.617    pcs_pma/inst/ten_gig_eth_pcs_pma_shared_clock_reset_block/txuserrdy_reg
  -------------------------------------------------------------------
                         required time                         -1.617    
                         arrival time                           1.969    
  -------------------------------------------------------------------
                         slack                                  0.352    





