Copyright 1986-2022 Xilinx, Inc. All Rights Reserved. Copyright 2022-2023 Advanced Micro Devices, Inc. All Rights Reserved.
---------------------------------------------------------------------------------------------------------------------------------------------
| Tool Version : Vivado v.2023.2 (win64) Build 4029153 Fri Oct 13 20:14:34 MDT 2023
| Date         : Thu Jul 23 12:43:27 2026
| Host         : ECE-OP7010PC2 running 64-bit major release  (build 9200)
| Command      : report_timing_summary -file {C:/Users/Kumar Lab/Desktop/Jasper/xilinx_rx/rx_only_timing_summary.rpt}
| Design       : top
| Device       : 7vx690t-ffg1761
| Speed File   : -2  PRODUCTION 1.11 2014-09-11
| Design State : Routed
---------------------------------------------------------------------------------------------------------------------------------------------

Timing Summary Report

------------------------------------------------------------------------------------------------
| Timer Settings
| --------------
------------------------------------------------------------------------------------------------

  Enable Multi Corner Analysis               :  Yes
  Enable Pessimism Removal                   :  Yes
  Pessimism Removal Resolution               :  Nearest Common Node
  Enable Input Delay Default Clock           :  No
  Enable Preset / Clear Arcs                 :  No
  Disable Flight Delays                      :  No
  Ignore I/O Paths                           :  No
  Timing Early Launch at Borrowing Latches   :  No
  Borrow Time for Max Delay Exceptions       :  Yes
  Merge Timing Exceptions                    :  Yes
  Inter-SLR Compensation                     :  Conservative

  Corner  Analyze    Analyze    
  Name    Max Paths  Min Paths  
  ------  ---------  ---------  
  Slow    Yes        Yes        
  Fast    Yes        Yes        


------------------------------------------------------------------------------------------------
| Report Methodology
| ------------------
------------------------------------------------------------------------------------------------

Rule       Severity  Description                    Violations  
---------  --------  -----------------------------  ----------  
LUTAR-1    Warning   LUT drives async reset alert   4           
TIMING-18  Warning   Missing input or output delay  9           

Note: This report is based on the most recent report_methodology run and may not be up-to-date. Run report_methodology on the current design for the latest report.



check_timing report

Table of Contents
-----------------
1. checking no_clock (0)
2. checking constant_clock (0)
3. checking pulse_width_clock (0)
4. checking unconstrained_internal_endpoints (0)
5. checking no_input_delay (1)
6. checking no_output_delay (5)
7. checking multiple_clock (0)
8. checking generated_clocks (0)
9. checking loops (0)
10. checking partial_input_delay (0)
11. checking partial_output_delay (0)
12. checking latch_loops (0)

1. checking no_clock (0)
------------------------
 There are 0 register/latch pins with no clock.


2. checking constant_clock (0)
------------------------------
 There are 0 register/latch pins with constant_clock.


3. checking pulse_width_clock (0)
---------------------------------
 There are 0 register/latch pins which need pulse_width check


4. checking unconstrained_internal_endpoints (0)
------------------------------------------------
 There are 0 pins that are not constrained for maximum delay.

 There are 0 pins that are not constrained for maximum delay due to constant clock.


5. checking no_input_delay (1)
------------------------------
 There is 1 input port with no input delay specified. (HIGH)

 There are 0 input ports with no input delay but user has a false path constraint.


6. checking no_output_delay (5)
-------------------------------
 There are 5 ports with no output delay specified. (HIGH)

 There are 0 ports with no output delay but user has a false path constraint

 There are 0 ports with no output delay but with a timing clock defined on it or propagating through it


7. checking multiple_clock (0)
------------------------------
 There are 0 register/latch pins with multiple clocks.


8. checking generated_clocks (0)
--------------------------------
 There are 0 generated clocks that are not connected to a clock source.


9. checking loops (0)
---------------------
 There are 0 combinational loops in the design.


10. checking partial_input_delay (0)
------------------------------------
 There are 0 input ports with partial input delay specified.


11. checking partial_output_delay (0)
-------------------------------------
 There are 0 ports with partial output delay specified.


12. checking latch_loops (0)
----------------------------
 There are 0 combinational latch loops in the design through latch input



------------------------------------------------------------------------------------------------
| Design Timing Summary
| ---------------------
------------------------------------------------------------------------------------------------

    WNS(ns)      TNS(ns)  TNS Failing Endpoints  TNS Total Endpoints      WHS(ns)      THS(ns)  THS Failing Endpoints  THS Total Endpoints     WPWS(ns)     TPWS(ns)  TPWS Failing Endpoints  TPWS Total Endpoints  
    -------      -------  ---------------------  -------------------      -------      -------  ---------------------  -------------------     --------     --------  ----------------------  --------------------  
      0.222        0.000                      0                 6202        0.063        0.000                      0                 6175        0.272        0.000                       0                  2803  


All user specified timing constraints are met.


------------------------------------------------------------------------------------------------
| Clock Summary
| -------------
------------------------------------------------------------------------------------------------

Clock                                                                                                                   Waveform(ns)         Period(ns)      Frequency(MHz)
-----                                                                                                                   ------------         ----------      --------------
gt_refclk_p                                                                                                             {0.000 3.200}        6.400           156.250         
pcs_pma/inst/ten_gig_eth_pcs_pma_block_i/gt0_gtwizard_10gbaser_multi_gt_i/gt0_gtwizard_gth_10gbaser_i/gthe2_i/RXOUTCLK  {0.000 1.551}        3.103           322.269         
pcs_pma/inst/ten_gig_eth_pcs_pma_block_i/gt0_gtwizard_10gbaser_multi_gt_i/gt0_gtwizard_gth_10gbaser_i/gthe2_i/TXOUTCLK  {0.000 1.551}        3.103           322.269         
si570_156m25                                                                                                            {0.000 3.200}        6.400           156.250         
sysclk_200                                                                                                              {0.000 2.500}        5.000           200.000         
  clk_100_unbuffered                                                                                                    {0.000 5.000}        10.000          100.000         
  clkfb_unbuffered                                                                                                      {0.000 2.500}        5.000           200.000         


------------------------------------------------------------------------------------------------
| Intra Clock Table
| -----------------
------------------------------------------------------------------------------------------------

Clock                                                                                                                       WNS(ns)      TNS(ns)  TNS Failing Endpoints  TNS Total Endpoints      WHS(ns)      THS(ns)  THS Failing Endpoints  THS Total Endpoints     WPWS(ns)     TPWS(ns)  TPWS Failing Endpoints  TPWS Total Endpoints  
-----                                                                                                                       -------      -------  ---------------------  -------------------      -------      -------  ---------------------  -------------------     --------     --------  ----------------------  --------------------  
gt_refclk_p                                                                                                                   2.691        0.000                      0                 2106        0.073        0.000                      0                 2106        2.432        0.000                       0                  1132  
pcs_pma/inst/ten_gig_eth_pcs_pma_block_i/gt0_gtwizard_10gbaser_multi_gt_i/gt0_gtwizard_gth_10gbaser_i/gthe2_i/RXOUTCLK        0.222        0.000                      0                 3683        0.063        0.000                      0                 3683        0.272        0.000                       0                  1418  
pcs_pma/inst/ten_gig_eth_pcs_pma_block_i/gt0_gtwizard_10gbaser_multi_gt_i/gt0_gtwizard_gth_10gbaser_i/gthe2_i/TXOUTCLK        1.017        0.000                      0                  341        0.106        0.000                      0                  341        0.272        0.000                       0                   205  
sysclk_200                                                                                                                                                                                                                                                                1.100        0.000                       0                     1  
  clk_100_unbuffered                                                                                                          7.867        0.000                      0                   44        0.108        0.000                      0                   44        4.286        0.000                       0                    44  
  clkfb_unbuffered                                                                                                                                                                                                                                                        3.592        0.000                       0                     3  


------------------------------------------------------------------------------------------------
| Inter Clock Table
| -----------------
------------------------------------------------------------------------------------------------

From Clock                                                                                                              To Clock                                                                                                                    WNS(ns)      TNS(ns)  TNS Failing Endpoints  TNS Total Endpoints      WHS(ns)      THS(ns)  THS Failing Endpoints  THS Total Endpoints  
----------                                                                                                              --------                                                                                                                    -------      -------  ---------------------  -------------------      -------      -------  ---------------------  -------------------  
pcs_pma/inst/ten_gig_eth_pcs_pma_block_i/gt0_gtwizard_10gbaser_multi_gt_i/gt0_gtwizard_gth_10gbaser_i/gthe2_i/RXOUTCLK  gt_refclk_p                                                                                                                   2.281        0.000                      0                    5                                                                        
pcs_pma/inst/ten_gig_eth_pcs_pma_block_i/gt0_gtwizard_10gbaser_multi_gt_i/gt0_gtwizard_gth_10gbaser_i/gthe2_i/TXOUTCLK  gt_refclk_p                                                                                                                   2.320        0.000                      0                    5                                                                        
gt_refclk_p                                                                                                             pcs_pma/inst/ten_gig_eth_pcs_pma_block_i/gt0_gtwizard_10gbaser_multi_gt_i/gt0_gtwizard_gth_10gbaser_i/gthe2_i/RXOUTCLK        2.494        0.000                      0                   12                                                                        
gt_refclk_p                                                                                                             pcs_pma/inst/ten_gig_eth_pcs_pma_block_i/gt0_gtwizard_10gbaser_multi_gt_i/gt0_gtwizard_gth_10gbaser_i/gthe2_i/TXOUTCLK        5.719        0.000                      0                    5                                                                        
gt_refclk_p                                                                                                             clk_100_unbuffered                                                                                                            2.534        0.000                      0                    1                                                                        


------------------------------------------------------------------------------------------------
| Other Path Groups Table
| -----------------------
------------------------------------------------------------------------------------------------

Path Group                                                                                                              From Clock                                                                                                              To Clock                                                                                                                    WNS(ns)      TNS(ns)  TNS Failing Endpoints  TNS Total Endpoints      WHS(ns)      THS(ns)  THS Failing Endpoints  THS Total Endpoints  
----------                                                                                                              ----------                                                                                                              --------                                                                                                                    -------      -------  ---------------------  -------------------      -------      -------  ---------------------  -------------------  
**async_default**                                                                                                       pcs_pma/inst/ten_gig_eth_pcs_pma_block_i/gt0_gtwizard_10gbaser_multi_gt_i/gt0_gtwizard_gth_10gbaser_i/gthe2_i/TXOUTCLK  pcs_pma/inst/ten_gig_eth_pcs_pma_block_i/gt0_gtwizard_10gbaser_multi_gt_i/gt0_gtwizard_gth_10gbaser_i/gthe2_i/TXOUTCLK        2.327        0.000                      0                    1        0.252        0.000                      0                    1  


------------------------------------------------------------------------------------------------
| Timing Details
| --------------
------------------------------------------------------------------------------------------------


---------------------------------------------------------------------------------------------------
From Clock:  gt_refclk_p
  To Clock:  gt_refclk_p

Setup :            0  Failing Endpoints,  Worst Slack        2.691ns,  Total Violation        0.000ns
Hold  :            0  Failing Endpoints,  Worst Slack        0.073ns,  Total Violation        0.000ns
PW    :            0  Failing Endpoints,  Worst Slack        2.432ns,  Total Violation        0.000ns
---------------------------------------------------------------------------------------------------


Max Delay Paths
--------------------------------------------------------------------------------------
Slack (MET) :             2.691ns  (required time - arrival time)
  Source:                 pcs_pma/inst/ten_gig_eth_pcs_pma_block_i/ten_gig_eth_pcs_pma_0_core/ten_gig_eth_pcs_pma_inst/G_IS_BASER.ten_gig_eth_pcs_pma_inst/BASER.ten_gig_eth_pcs_pma_inst/pcs_top_i/tx_pcs_i/tx_encoder_i/tx_xgmii_ctrl_reg2_reg_reg[7]/C
                            (rising edge-triggered cell FDRE clocked by gt_refclk_p  {rise@0.000ns fall@3.200ns period=6.400ns})
  Destination:            pcs_pma/inst/ten_gig_eth_pcs_pma_block_i/ten_gig_eth_pcs_pma_0_core/ten_gig_eth_pcs_pma_inst/G_IS_BASER.ten_gig_eth_pcs_pma_inst/BASER.ten_gig_eth_pcs_pma_inst/pcs_top_i/tx_pcs_i/tx_encoder_i/tx_encoded_data_reg[57]/D
                            (rising edge-triggered cell FDRE clocked by gt_refclk_p  {rise@0.000ns fall@3.200ns period=6.400ns})
  Path Group:             gt_refclk_p
  Path Type:              Setup (Max at Slow Process Corner)
  Requirement:            6.400ns  (gt_refclk_p rise@6.400ns - gt_refclk_p rise@0.000ns)
  Data Path Delay:        3.655ns  (logic 0.493ns (13.489%)  route 3.162ns (86.511%))
  Logic Levels:           3  (LUT3=1 LUT6=2)
  Clock Path Skew:        -0.053ns (DCD - SCD + CPR)
    Destination Clock Delay (DCD):    5.081ns = ( 11.481 - 6.400 ) 
    Source Clock Delay      (SCD):    6.308ns
    Clock Pessimism Removal (CPR):    1.174ns
  Clock Uncertainty:      0.035ns  ((TSJ^2 + TIJ^2)^1/2 + DJ) / 2 + PE
    Total System Jitter     (TSJ):    0.071ns
    Total Input Jitter      (TIJ):    0.000ns
    Discrete Jitter          (DJ):    0.000ns
    Phase Error              (PE):    0.000ns

    Location             Delay type                Incr(ns)  Path(ns)    Netlist Resource(s)
  -------------------------------------------------------------------    -------------------
                         (clock gt_refclk_p rise edge)
                                                      0.000     0.000 r  
    AK8                                               0.000     0.000 r  gt_refclk_p (IN)
                         net (fo=0)                   0.000     0.000    pcs_pma/inst/ten_gig_eth_pcs_pma_shared_clock_reset_block/refclk_p
    AK8                  IBUF (Prop_ibuf_I_O)         0.000     0.000 r  pcs_pma/inst/ten_gig_eth_pcs_pma_shared_clock_reset_block/refclk_p_buf/O
                         net (fo=1, routed)           0.000     0.000    pcs_pma/inst/ten_gig_eth_pcs_pma_shared_clock_reset_block/refclk_p_buffed
    IBUFDS_GTE2_X1Y7     IBUFDS_GTE2 (Prop_ibufds_gte2_I_O)
                                                      2.355     2.355 r  pcs_pma/inst/ten_gig_eth_pcs_pma_shared_clock_reset_block/ibufds_inst/O
                         net (fo=2, routed)           2.024     4.379    pcs_pma/inst/ten_gig_eth_pcs_pma_shared_clock_reset_block/refclk
    BUFGCTRL_X0Y1        BUFG (Prop_bufg_I_O)         0.093     4.472 r  pcs_pma/inst/ten_gig_eth_pcs_pma_shared_clock_reset_block/coreclk_bufg_inst/O
                         net (fo=1129, routed)        1.836     6.308    pcs_pma/inst/ten_gig_eth_pcs_pma_block_i/ten_gig_eth_pcs_pma_0_core/ten_gig_eth_pcs_pma_inst/G_IS_BASER.ten_gig_eth_pcs_pma_inst/BASER.ten_gig_eth_pcs_pma_inst/pcs_top_i/tx_pcs_i/tx_encoder_i/coreclk
    SLICE_X210Y142       FDRE                                         r  pcs_pma/inst/ten_gig_eth_pcs_pma_block_i/ten_gig_eth_pcs_pma_0_core/ten_gig_eth_pcs_pma_inst/G_IS_BASER.ten_gig_eth_pcs_pma_inst/BASER.ten_gig_eth_pcs_pma_inst/pcs_top_i/tx_pcs_i/tx_encoder_i/tx_xgmii_ctrl_reg2_reg_reg[7]/C
  -------------------------------------------------------------------    -------------------
    SLICE_X210Y142       FDRE (Prop_fdre_C_Q)         0.259     6.567 f  pcs_pma/inst/ten_gig_eth_pcs_pma_block_i/ten_gig_eth_pcs_pma_0_core/ten_gig_eth_pcs_pma_inst/G_IS_BASER.ten_gig_eth_pcs_pma_inst/BASER.ten_gig_eth_pcs_pma_inst/pcs_top_i/tx_pcs_i/tx_encoder_i/tx_xgmii_ctrl_reg2_reg_reg[7]/Q
                         net (fo=64, routed)          1.580     8.147    pcs_pma/inst/ten_gig_eth_pcs_pma_block_i/ten_gig_eth_pcs_pma_0_core/ten_gig_eth_pcs_pma_inst/G_IS_BASER.ten_gig_eth_pcs_pma_inst/BASER.ten_gig_eth_pcs_pma_inst/pcs_top_i/tx_pcs_i/tx_encoder_i/tx_xgmii_ctrl_reg2_reg[7]
    SLICE_X214Y140       LUT3 (Prop_lut3_I2_O)        0.054     8.201 f  pcs_pma/inst/ten_gig_eth_pcs_pma_block_i/ten_gig_eth_pcs_pma_0_core/ten_gig_eth_pcs_pma_inst/G_IS_BASER.ten_gig_eth_pcs_pma_inst/BASER.ten_gig_eth_pcs_pma_inst/pcs_top_i/tx_pcs_i/tx_encoder_i/tx_encoded_data[65]_i_5/O
                         net (fo=3, routed)           0.709     8.910    pcs_pma/inst/ten_gig_eth_pcs_pma_block_i/ten_gig_eth_pcs_pma_0_core/ten_gig_eth_pcs_pma_inst/G_IS_BASER.ten_gig_eth_pcs_pma_inst/BASER.ten_gig_eth_pcs_pma_inst/pcs_top_i/tx_pcs_i/tx_encoder_i/tx_encoded_data[65]_i_5_n_0
    SLICE_X212Y139       LUT6 (Prop_lut6_I5_O)        0.137     9.047 r  pcs_pma/inst/ten_gig_eth_pcs_pma_block_i/ten_gig_eth_pcs_pma_0_core/ten_gig_eth_pcs_pma_inst/G_IS_BASER.ten_gig_eth_pcs_pma_inst/BASER.ten_gig_eth_pcs_pma_inst/pcs_top_i/tx_pcs_i/tx_encoder_i/tx_encoded_data[65]_i_2/O
                         net (fo=11, routed)          0.873     9.920    pcs_pma/inst/ten_gig_eth_pcs_pma_block_i/ten_gig_eth_pcs_pma_0_core/ten_gig_eth_pcs_pma_inst/G_IS_BASER.ten_gig_eth_pcs_pma_inst/BASER.ten_gig_eth_pcs_pma_inst/pcs_top_i/tx_pcs_i/tx_encoder_i/tx_encoded_data[65]_i_2_n_0
    SLICE_X209Y143       LUT6 (Prop_lut6_I0_O)        0.043     9.963 r  pcs_pma/inst/ten_gig_eth_pcs_pma_block_i/ten_gig_eth_pcs_pma_0_core/ten_gig_eth_pcs_pma_inst/G_IS_BASER.ten_gig_eth_pcs_pma_inst/BASER.ten_gig_eth_pcs_pma_inst/pcs_top_i/tx_pcs_i/tx_encoder_i/tx_encoded_data[57]_i_1/O
                         net (fo=1, routed)           0.000     9.963    pcs_pma/inst/ten_gig_eth_pcs_pma_block_i/ten_gig_eth_pcs_pma_0_core/ten_gig_eth_pcs_pma_inst/G_IS_BASER.ten_gig_eth_pcs_pma_inst/BASER.ten_gig_eth_pcs_pma_inst/pcs_top_i/tx_pcs_i/tx_encoder_i/tx_encoded_data[57]_i_1_n_0
    SLICE_X209Y143       FDRE                                         r  pcs_pma/inst/ten_gig_eth_pcs_pma_block_i/ten_gig_eth_pcs_pma_0_core/ten_gig_eth_pcs_pma_inst/G_IS_BASER.ten_gig_eth_pcs_pma_inst/BASER.ten_gig_eth_pcs_pma_inst/pcs_top_i/tx_pcs_i/tx_encoder_i/tx_encoded_data_reg[57]/D
  -------------------------------------------------------------------    -------------------

                         (clock gt_refclk_p rise edge)
                                                      6.400     6.400 r  
    AK8                                               0.000     6.400 r  gt_refclk_p (IN)
                         net (fo=0)                   0.000     6.400    pcs_pma/inst/ten_gig_eth_pcs_pma_shared_clock_reset_block/refclk_p
    AK8                  IBUF (Prop_ibuf_I_O)         0.000     6.400 r  pcs_pma/inst/ten_gig_eth_pcs_pma_shared_clock_reset_block/refclk_p_buf/O
                         net (fo=1, routed)           0.000     6.400    pcs_pma/inst/ten_gig_eth_pcs_pma_shared_clock_reset_block/refclk_p_buffed
    IBUFDS_GTE2_X1Y7     IBUFDS_GTE2 (Prop_ibufds_gte2_I_O)
                                                      1.418     7.818 r  pcs_pma/inst/ten_gig_eth_pcs_pma_shared_clock_reset_block/ibufds_inst/O
                         net (fo=2, routed)           1.887     9.705    pcs_pma/inst/ten_gig_eth_pcs_pma_shared_clock_reset_block/refclk
    BUFGCTRL_X0Y1        BUFG (Prop_bufg_I_O)         0.083     9.788 r  pcs_pma/inst/ten_gig_eth_pcs_pma_shared_clock_reset_block/coreclk_bufg_inst/O
                         net (fo=1129, routed)        1.693    11.481    pcs_pma/inst/ten_gig_eth_pcs_pma_block_i/ten_gig_eth_pcs_pma_0_core/ten_gig_eth_pcs_pma_inst/G_IS_BASER.ten_gig_eth_pcs_pma_inst/BASER.ten_gig_eth_pcs_pma_inst/pcs_top_i/tx_pcs_i/tx_encoder_i/coreclk
    SLICE_X209Y143       FDRE                                         r  pcs_pma/inst/ten_gig_eth_pcs_pma_block_i/ten_gig_eth_pcs_pma_0_core/ten_gig_eth_pcs_pma_inst/G_IS_BASER.ten_gig_eth_pcs_pma_inst/BASER.ten_gig_eth_pcs_pma_inst/pcs_top_i/tx_pcs_i/tx_encoder_i/tx_encoded_data_reg[57]/C
                         clock pessimism              1.174    12.655    
                         clock uncertainty           -0.035    12.620    
    SLICE_X209Y143       FDRE (Setup_fdre_C_D)        0.034    12.654    pcs_pma/inst/ten_gig_eth_pcs_pma_block_i/ten_gig_eth_pcs_pma_0_core/ten_gig_eth_pcs_pma_inst/G_IS_BASER.ten_gig_eth_pcs_pma_inst/BASER.ten_gig_eth_pcs_pma_inst/pcs_top_i/tx_pcs_i/tx_encoder_i/tx_encoded_data_reg[57]
  -------------------------------------------------------------------
                         required time                         12.654    
                         arrival time                          -9.963    
  -------------------------------------------------------------------
                         slack                                  2.691    





Min Delay Paths
--------------------------------------------------------------------------------------
Slack (MET) :             0.073ns  (arrival time - required time)
  Source:                 pcs_pma/inst/ten_gig_eth_pcs_pma_block_i/ten_gig_eth_pcs_pma_0_core/ten_gig_eth_pcs_pma_inst/G_IS_BASER.ten_gig_eth_pcs_pma_inst/BASER.ten_gig_eth_pcs_pma_inst/G_7SERIES_TXFIFO.txratefifo_i/asynch_fifo_i/wr_addr_reg[4]/C
                            (rising edge-triggered cell FDRE clocked by gt_refclk_p  {rise@0.000ns fall@3.200ns period=6.400ns})
  Destination:            pcs_pma/inst/ten_gig_eth_pcs_pma_block_i/ten_gig_eth_pcs_pma_0_core/ten_gig_eth_pcs_pma_inst/G_IS_BASER.ten_gig_eth_pcs_pma_inst/BASER.ten_gig_eth_pcs_pma_inst/G_7SERIES_TXFIFO.txratefifo_i/asynch_fifo_i/dp_ram_i/ten_gig_disti_ram_reg_0_31_6_11/RAMA/WADR4
                            (rising edge-triggered cell RAMD32 clocked by gt_refclk_p  {rise@0.000ns fall@3.200ns period=6.400ns})
  Path Group:             gt_refclk_p
  Path Type:              Hold (Min at Fast Process Corner)
  Requirement:            0.000ns  (gt_refclk_p rise@0.000ns - gt_refclk_p rise@0.000ns)
  Data Path Delay:        0.259ns  (logic 0.091ns (35.081%)  route 0.168ns (64.919%))
  Logic Levels:           0  
  Clock Path Skew:        0.037ns (DCD - SCD - CPR)
    Destination Clock Delay (DCD):    2.806ns
    Source Clock Delay      (SCD):    2.179ns
    Clock Pessimism Removal (CPR):    0.590ns

    Location             Delay type                Incr(ns)  Path(ns)    Netlist Resource(s)
  -------------------------------------------------------------------    -------------------
                         (clock gt_refclk_p rise edge)
                                                      0.000     0.000 r  
    AK8                                               0.000     0.000 r  gt_refclk_p (IN)
                         net (fo=0)                   0.000     0.000    pcs_pma/inst/ten_gig_eth_pcs_pma_shared_clock_reset_block/refclk_p
    AK8                  IBUF (Prop_ibuf_I_O)         0.000     0.000 r  pcs_pma/inst/ten_gig_eth_pcs_pma_shared_clock_reset_block/refclk_p_buf/O
                         net (fo=1, routed)           0.000     0.000    pcs_pma/inst/ten_gig_eth_pcs_pma_shared_clock_reset_block/refclk_p_buffed
    IBUFDS_GTE2_X1Y7     IBUFDS_GTE2 (Prop_ibufds_gte2_I_O)
                                                      0.441     0.441 r  pcs_pma/inst/ten_gig_eth_pcs_pma_shared_clock_reset_block/ibufds_inst/O
                         net (fo=2, routed)           0.901     1.342    pcs_pma/inst/ten_gig_eth_pcs_pma_shared_clock_reset_block/refclk
    BUFGCTRL_X0Y1        BUFG (Prop_bufg_I_O)         0.026     1.368 r  pcs_pma/inst/ten_gig_eth_pcs_pma_shared_clock_reset_block/coreclk_bufg_inst/O
                         net (fo=1129, routed)        0.811     2.179    pcs_pma/inst/ten_gig_eth_pcs_pma_block_i/ten_gig_eth_pcs_pma_0_core/ten_gig_eth_pcs_pma_inst/G_IS_BASER.ten_gig_eth_pcs_pma_inst/BASER.ten_gig_eth_pcs_pma_inst/G_7SERIES_TXFIFO.txratefifo_i/asynch_fifo_i/wr_clk
    SLICE_X214Y146       FDRE                                         r  pcs_pma/inst/ten_gig_eth_pcs_pma_block_i/ten_gig_eth_pcs_pma_0_core/ten_gig_eth_pcs_pma_inst/G_IS_BASER.ten_gig_eth_pcs_pma_inst/BASER.ten_gig_eth_pcs_pma_inst/G_7SERIES_TXFIFO.txratefifo_i/asynch_fifo_i/wr_addr_reg[4]/C
  -------------------------------------------------------------------    -------------------
    SLICE_X214Y146       FDRE (Prop_fdre_C_Q)         0.091     2.270 r  pcs_pma/inst/ten_gig_eth_pcs_pma_block_i/ten_gig_eth_pcs_pma_0_core/ten_gig_eth_pcs_pma_inst/G_IS_BASER.ten_gig_eth_pcs_pma_inst/BASER.ten_gig_eth_pcs_pma_inst/G_7SERIES_TXFIFO.txratefifo_i/asynch_fifo_i/wr_addr_reg[4]/Q
                         net (fo=91, routed)          0.168     2.439    pcs_pma/inst/ten_gig_eth_pcs_pma_block_i/ten_gig_eth_pcs_pma_0_core/ten_gig_eth_pcs_pma_inst/G_IS_BASER.ten_gig_eth_pcs_pma_inst/BASER.ten_gig_eth_pcs_pma_inst/G_7SERIES_TXFIFO.txratefifo_i/asynch_fifo_i/dp_ram_i/ten_gig_disti_ram_reg_0_31_6_11/ADDRD4
    SLICE_X216Y145       RAMD32                                       r  pcs_pma/inst/ten_gig_eth_pcs_pma_block_i/ten_gig_eth_pcs_pma_0_core/ten_gig_eth_pcs_pma_inst/G_IS_BASER.ten_gig_eth_pcs_pma_inst/BASER.ten_gig_eth_pcs_pma_inst/G_7SERIES_TXFIFO.txratefifo_i/asynch_fifo_i/dp_ram_i/ten_gig_disti_ram_reg_0_31_6_11/RAMA/WADR4
  -------------------------------------------------------------------    -------------------

                         (clock gt_refclk_p rise edge)
                                                      0.000     0.000 r  
    AK8                                               0.000     0.000 r  gt_refclk_p (IN)
                         net (fo=0)                   0.000     0.000    pcs_pma/inst/ten_gig_eth_pcs_pma_shared_clock_reset_block/refclk_p
    AK8                  IBUF (Prop_ibuf_I_O)         0.000     0.000 r  pcs_pma/inst/ten_gig_eth_pcs_pma_shared_clock_reset_block/refclk_p_buf/O
                         net (fo=1, routed)           0.000     0.000    pcs_pma/inst/ten_gig_eth_pcs_pma_shared_clock_reset_block/refclk_p_buffed
    IBUFDS_GTE2_X1Y7     IBUFDS_GTE2 (Prop_ibufds_gte2_I_O)
                                                      0.732     0.732 r  pcs_pma/inst/ten_gig_eth_pcs_pma_shared_clock_reset_block/ibufds_inst/O
                         net (fo=2, routed)           0.988     1.720    pcs_pma/inst/ten_gig_eth_pcs_pma_shared_clock_reset_block/refclk
    BUFGCTRL_X0Y1        BUFG (Prop_bufg_I_O)         0.030     1.750 r  pcs_pma/inst/ten_gig_eth_pcs_pma_shared_clock_reset_block/coreclk_bufg_inst/O
                         net (fo=1129, routed)        1.056     2.806    pcs_pma/inst/ten_gig_eth_pcs_pma_block_i/ten_gig_eth_pcs_pma_0_core/ten_gig_eth_pcs_pma_inst/G_IS_BASER.ten_gig_eth_pcs_pma_inst/BASER.ten_gig_eth_pcs_pma_inst/G_7SERIES_TXFIFO.txratefifo_i/asynch_fifo_i/dp_ram_i/ten_gig_disti_ram_reg_0_31_6_11/WCLK
    SLICE_X216Y145       RAMD32                                       r  pcs_pma/inst/ten_gig_eth_pcs_pma_block_i/ten_gig_eth_pcs_pma_0_core/ten_gig_eth_pcs_pma_inst/G_IS_BASER.ten_gig_eth_pcs_pma_inst/BASER.ten_gig_eth_pcs_pma_inst/G_7SERIES_TXFIFO.txratefifo_i/asynch_fifo_i/dp_ram_i/ten_gig_disti_ram_reg_0_31_6_11/RAMA/CLK
                         clock pessimism             -0.590     2.216    
    SLICE_X216Y145       RAMD32 (Hold_ramd32_CLK_WADR4)
                                                      0.149     2.365    pcs_pma/inst/ten_gig_eth_pcs_pma_block_i/ten_gig_eth_pcs_pma_0_core/ten_gig_eth_pcs_pma_inst/G_IS_BASER.ten_gig_eth_pcs_pma_inst/BASER.ten_gig_eth_pcs_pma_inst/G_7SERIES_TXFIFO.txratefifo_i/asynch_fifo_i/dp_ram_i/ten_gig_disti_ram_reg_0_31_6_11/RAMA
  -------------------------------------------------------------------
                         required time                         -2.365    
                         arrival time                           2.439    
  -------------------------------------------------------------------
                         slack                                  0.073    





Pulse Width Checks
--------------------------------------------------------------------------------------
Clock Name:         gt_refclk_p
Waveform(ns):       { 0.000 3.200 }
Period(ns):         6.400
Sources:            { gt_refclk_p }

Check Type        Corner  Lib Pin     Reference Pin  Required(ns)  Actual(ns)  Slack(ns)  Location        Pin
Min Period        n/a     BUFG/I      n/a            1.408         6.400       4.992      BUFGCTRL_X0Y1   pcs_pma/inst/ten_gig_eth_pcs_pma_shared_clock_reset_block/coreclk_bufg_inst/I
Low Pulse Width   Slow    RAMD32/CLK  n/a            0.768         3.200       2.432      SLICE_X216Y144  pcs_pma/inst/ten_gig_eth_pcs_pma_block_i/ten_gig_eth_pcs_pma_0_core/ten_gig_eth_pcs_pma_inst/G_IS_BASER.ten_gig_eth_pcs_pma_inst/BASER.ten_gig_eth_pcs_pma_inst/G_7SERIES_TXFIFO.txratefifo_i/asynch_fifo_i/dp_ram_i/ten_gig_disti_ram_reg_0_31_0_5/RAMA/CLK
High Pulse Width  Slow    RAMD32/CLK  n/a            0.768         3.200       2.432      SLICE_X216Y144  pcs_pma/inst/ten_gig_eth_pcs_pma_block_i/ten_gig_eth_pcs_pma_0_core/ten_gig_eth_pcs_pma_inst/G_IS_BASER.ten_gig_eth_pcs_pma_inst/BASER.ten_gig_eth_pcs_pma_inst/G_7SERIES_TXFIFO.txratefifo_i/asynch_fifo_i/dp_ram_i/ten_gig_disti_ram_reg_0_31_0_5/RAMA/CLK



---------------------------------------------------------------------------------------------------
From Clock:  pcs_pma/inst/ten_gig_eth_pcs_pma_block_i/gt0_gtwizard_10gbaser_multi_gt_i/gt0_gtwizard_gth_10gbaser_i/gthe2_i/RXOUTCLK
  To Clock:  pcs_pma/inst/ten_gig_eth_pcs_pma_block_i/gt0_gtwizard_10gbaser_multi_gt_i/gt0_gtwizard_gth_10gbaser_i/gthe2_i/RXOUTCLK

Setup :            0  Failing Endpoints,  Worst Slack        0.222ns,  Total Violation        0.000ns
Hold  :            0  Failing Endpoints,  Worst Slack        0.063ns,  Total Violation        0.000ns
PW    :            0  Failing Endpoints,  Worst Slack        0.272ns,  Total Violation        0.000ns
---------------------------------------------------------------------------------------------------


Max Delay Paths
--------------------------------------------------------------------------------------
Slack (MET) :             0.222ns  (required time - arrival time)
  Source:                 pcs_pma/inst/ten_gig_eth_pcs_pma_block_i/ten_gig_eth_pcs_pma_0_core/ten_gig_eth_pcs_pma_inst/G_IS_BASER.ten_gig_eth_pcs_pma_inst/BASER.ten_gig_eth_pcs_pma_inst/pcs_top_i/rx_pcs_i/rx_66_enc_reg_reg[22]/C
                            (rising edge-triggered cell FDRE clocked by pcs_pma/inst/ten_gig_eth_pcs_pma_block_i/gt0_gtwizard_10gbaser_multi_gt_i/gt0_gtwizard_gth_10gbaser_i/gthe2_i/RXOUTCLK  {rise@0.000ns fall@1.551ns period=3.103ns})
  Destination:            pcs_pma/inst/ten_gig_eth_pcs_pma_block_i/ten_gig_eth_pcs_pma_0_core/ten_gig_eth_pcs_pma_inst/G_IS_BASER.ten_gig_eth_pcs_pma_inst/BASER.ten_gig_eth_pcs_pma_inst/pcs_top_i/rx_pcs_i/rx_decoder_i/mcp1_r_type_next_reg_reg[1]/D
                            (rising edge-triggered cell FDRE clocked by pcs_pma/inst/ten_gig_eth_pcs_pma_block_i/gt0_gtwizard_10gbaser_multi_gt_i/gt0_gtwizard_gth_10gbaser_i/gthe2_i/RXOUTCLK  {rise@0.000ns fall@1.551ns period=3.103ns})
  Path Group:             pcs_pma/inst/ten_gig_eth_pcs_pma_block_i/gt0_gtwizard_10gbaser_multi_gt_i/gt0_gtwizard_gth_10gbaser_i/gthe2_i/RXOUTCLK
  Path Type:              Setup (Max at Slow Process Corner)
  Requirement:            3.103ns  (pcs_pma/inst/ten_gig_eth_pcs_pma_block_i/gt0_gtwizard_10gbaser_multi_gt_i/gt0_gtwizard_gth_10gbaser_i/gthe2_i/RXOUTCLK rise@3.103ns - pcs_pma/inst/ten_gig_eth_pcs_pma_block_i/gt0_gtwizard_10gbaser_multi_gt_i/gt0_gtwizard_gth_10gbaser_i/gthe2_i/RXOUTCLK rise@0.000ns)
  Data Path Delay:        2.859ns  (logic 0.579ns (20.253%)  route 2.280ns (79.747%))
  Logic Levels:           6  (LUT2=1 LUT4=1 LUT5=1 LUT6=3)
  Clock Path Skew:        -0.053ns (DCD - SCD + CPR)
    Destination Clock Delay (DCD):    2.136ns = ( 5.239 - 3.103 ) 
    Source Clock Delay      (SCD):    2.358ns
    Clock Pessimism Removal (CPR):    0.169ns
  Clock Uncertainty:      0.035ns  ((TSJ^2 + TIJ^2)^1/2 + DJ) / 2 + PE
    Total System Jitter     (TSJ):    0.071ns
    Total Input Jitter      (TIJ):    0.000ns
    Discrete Jitter          (DJ):    0.000ns
    Phase Error              (PE):    0.000ns

    Location             Delay type                Incr(ns)  Path(ns)    Netlist Resource(s)
  -------------------------------------------------------------------    -------------------
                         (clock pcs_pma/inst/ten_gig_eth_pcs_pma_block_i/gt0_gtwizard_10gbaser_multi_gt_i/gt0_gtwizard_gth_10gbaser_i/gthe2_i/RXOUTCLK rise edge)
                                                      0.000     0.000 r  
    GTHE2_CHANNEL_X1Y12  GTHE2_CHANNEL                0.000     0.000 r  pcs_pma/inst/ten_gig_eth_pcs_pma_block_i/gt0_gtwizard_10gbaser_multi_gt_i/gt0_gtwizard_gth_10gbaser_i/gthe2_i/RXOUTCLK
                         net (fo=1, routed)           1.390     1.390    pcs_pma/inst/ten_gig_eth_pcs_pma_block_i/ten_gig_eth_pcs_pma_0_local_clock_reset_block/rxrecclk_out
    BUFHCE_X1Y36         BUFH (Prop_bufh_I_O)         0.103     1.493 r  pcs_pma/inst/ten_gig_eth_pcs_pma_block_i/ten_gig_eth_pcs_pma_0_local_clock_reset_block/rxoutclk_bufh_i/O
                         net (fo=1416, routed)        0.865     2.358    pcs_pma/inst/ten_gig_eth_pcs_pma_block_i/ten_gig_eth_pcs_pma_0_core/ten_gig_eth_pcs_pma_inst/G_IS_BASER.ten_gig_eth_pcs_pma_inst/BASER.ten_gig_eth_pcs_pma_inst/pcs_top_i/rx_pcs_i/rxusrclk2
    SLICE_X214Y153       FDRE                                         r  pcs_pma/inst/ten_gig_eth_pcs_pma_block_i/ten_gig_eth_pcs_pma_0_core/ten_gig_eth_pcs_pma_inst/G_IS_BASER.ten_gig_eth_pcs_pma_inst/BASER.ten_gig_eth_pcs_pma_inst/pcs_top_i/rx_pcs_i/rx_66_enc_reg_reg[22]/C
  -------------------------------------------------------------------    -------------------
    SLICE_X214Y153       FDRE (Prop_fdre_C_Q)         0.223     2.581 r  pcs_pma/inst/ten_gig_eth_pcs_pma_block_i/ten_gig_eth_pcs_pma_0_core/ten_gig_eth_pcs_pma_inst/G_IS_BASER.ten_gig_eth_pcs_pma_inst/BASER.ten_gig_eth_pcs_pma_inst/pcs_top_i/rx_pcs_i/rx_66_enc_reg_reg[22]/Q
                         net (fo=16, routed)          0.438     3.019    pcs_pma/inst/ten_gig_eth_pcs_pma_block_i/ten_gig_eth_pcs_pma_0_core/ten_gig_eth_pcs_pma_inst/G_IS_BASER.ten_gig_eth_pcs_pma_inst/BASER.ten_gig_eth_pcs_pma_inst/pcs_top_i/rx_pcs_i/rx_decoder_i/Q[22]
    SLICE_X213Y153       LUT2 (Prop_lut2_I1_O)        0.052     3.071 r  pcs_pma/inst/ten_gig_eth_pcs_pma_block_i/ten_gig_eth_pcs_pma_0_core/ten_gig_eth_pcs_pma_inst/G_IS_BASER.ten_gig_eth_pcs_pma_inst/BASER.ten_gig_eth_pcs_pma_inst/pcs_top_i/rx_pcs_i/rx_decoder_i/mcp1_dec_c1[2]_i_4/O
                         net (fo=1, routed)           0.329     3.401    pcs_pma/inst/ten_gig_eth_pcs_pma_block_i/ten_gig_eth_pcs_pma_0_core/ten_gig_eth_pcs_pma_inst/G_IS_BASER.ten_gig_eth_pcs_pma_inst/BASER.ten_gig_eth_pcs_pma_inst/pcs_top_i/rx_pcs_i/rx_decoder_i/mcp1_dec_c1[2]_i_4_n_0
    SLICE_X210Y153       LUT6 (Prop_lut6_I5_O)        0.132     3.533 r  pcs_pma/inst/ten_gig_eth_pcs_pma_block_i/ten_gig_eth_pcs_pma_0_core/ten_gig_eth_pcs_pma_inst/G_IS_BASER.ten_gig_eth_pcs_pma_inst/BASER.ten_gig_eth_pcs_pma_inst/pcs_top_i/rx_pcs_i/rx_decoder_i/mcp1_dec_c1[2]_i_1/O
                         net (fo=5, routed)           0.552     4.085    pcs_pma/inst/ten_gig_eth_pcs_pma_block_i/ten_gig_eth_pcs_pma_0_core/ten_gig_eth_pcs_pma_inst/G_IS_BASER.ten_gig_eth_pcs_pma_inst/BASER.ten_gig_eth_pcs_pma_inst/pcs_top_i/rx_pcs_i/rx_decoder_i/rx_66_enc_reg_reg[17]
    SLICE_X216Y157       LUT4 (Prop_lut4_I2_O)        0.043     4.128 f  pcs_pma/inst/ten_gig_eth_pcs_pma_block_i/ten_gig_eth_pcs_pma_0_core/ten_gig_eth_pcs_pma_inst/G_IS_BASER.ten_gig_eth_pcs_pma_inst/BASER.ten_gig_eth_pcs_pma_inst/pcs_top_i/rx_pcs_i/rx_decoder_i/mcp1_r_type_next_reg[2]_i_10/O
                         net (fo=3, routed)           0.346     4.474    pcs_pma/inst/ten_gig_eth_pcs_pma_block_i/ten_gig_eth_pcs_pma_0_core/ten_gig_eth_pcs_pma_inst/G_IS_BASER.ten_gig_eth_pcs_pma_inst/BASER.ten_gig_eth_pcs_pma_inst/pcs_top_i/rx_pcs_i/rx_decoder_i/mcp1_r_type_next_reg[2]_i_10_n_0
    SLICE_X214Y157       LUT6 (Prop_lut6_I0_O)        0.043     4.517 f  pcs_pma/inst/ten_gig_eth_pcs_pma_block_i/ten_gig_eth_pcs_pma_0_core/ten_gig_eth_pcs_pma_inst/G_IS_BASER.ten_gig_eth_pcs_pma_inst/BASER.ten_gig_eth_pcs_pma_inst/pcs_top_i/rx_pcs_i/rx_decoder_i/mcp1_r_type_next_reg[2]_i_15/O
                         net (fo=1, routed)           0.272     4.789    pcs_pma/inst/ten_gig_eth_pcs_pma_block_i/ten_gig_eth_pcs_pma_0_core/ten_gig_eth_pcs_pma_inst/G_IS_BASER.ten_gig_eth_pcs_pma_inst/BASER.ten_gig_eth_pcs_pma_inst/pcs_top_i/rx_pcs_i/rx_decoder_i/mcp1_r_type_next_reg[2]_i_15_n_0
    SLICE_X217Y156       LUT6 (Prop_lut6_I4_O)        0.043     4.832 r  pcs_pma/inst/ten_gig_eth_pcs_pma_block_i/ten_gig_eth_pcs_pma_0_core/ten_gig_eth_pcs_pma_inst/G_IS_BASER.ten_gig_eth_pcs_pma_inst/BASER.ten_gig_eth_pcs_pma_inst/pcs_top_i/rx_pcs_i/rx_decoder_i/mcp1_r_type_next_reg[2]_i_3/O
                         net (fo=2, routed)           0.342     5.174    pcs_pma/inst/ten_gig_eth_pcs_pma_block_i/ten_gig_eth_pcs_pma_0_core/ten_gig_eth_pcs_pma_inst/G_IS_BASER.ten_gig_eth_pcs_pma_inst/BASER.ten_gig_eth_pcs_pma_inst/pcs_top_i/rx_pcs_i/rx_decoder_i/mcp1_r_type_next_reg[2]_i_3_n_0
    SLICE_X216Y154       LUT5 (Prop_lut5_I2_O)        0.043     5.217 r  pcs_pma/inst/ten_gig_eth_pcs_pma_block_i/ten_gig_eth_pcs_pma_0_core/ten_gig_eth_pcs_pma_inst/G_IS_BASER.ten_gig_eth_pcs_pma_inst/BASER.ten_gig_eth_pcs_pma_inst/pcs_top_i/rx_pcs_i/rx_decoder_i/mcp1_r_type_next_reg[1]_i_1/O
                         net (fo=1, routed)           0.000     5.217    pcs_pma/inst/ten_gig_eth_pcs_pma_block_i/ten_gig_eth_pcs_pma_0_core/ten_gig_eth_pcs_pma_inst/G_IS_BASER.ten_gig_eth_pcs_pma_inst/BASER.ten_gig_eth_pcs_pma_inst/pcs_top_i/rx_pcs_i/rx_decoder_i/mcp1_r_type_next_reg[1]_i_1_n_0
    SLICE_X216Y154       FDRE                                         r  pcs_pma/inst/ten_gig_eth_pcs_pma_block_i/ten_gig_eth_pcs_pma_0_core/ten_gig_eth_pcs_pma_inst/G_IS_BASER.ten_gig_eth_pcs_pma_inst/BASER.ten_gig_eth_pcs_pma_inst/pcs_top_i/rx_pcs_i/rx_decoder_i/mcp1_r_type_next_reg_reg[1]/D
  -------------------------------------------------------------------    -------------------

                         (clock pcs_pma/inst/ten_gig_eth_pcs_pma_block_i/gt0_gtwizard_10gbaser_multi_gt_i/gt0_gtwizard_gth_10gbaser_i/gthe2_i/RXOUTCLK rise edge)
                                                      3.103     3.103 r  
    GTHE2_CHANNEL_X1Y12  GTHE2_CHANNEL                0.000     3.103 r  pcs_pma/inst/ten_gig_eth_pcs_pma_block_i/gt0_gtwizard_10gbaser_multi_gt_i/gt0_gtwizard_gth_10gbaser_i/gthe2_i/RXOUTCLK
                         net (fo=1, routed)           1.258     4.361    pcs_pma/inst/ten_gig_eth_pcs_pma_block_i/ten_gig_eth_pcs_pma_0_local_clock_reset_block/rxrecclk_out
    BUFHCE_X1Y36         BUFH (Prop_bufh_I_O)         0.066     4.427 r  pcs_pma/inst/ten_gig_eth_pcs_pma_block_i/ten_gig_eth_pcs_pma_0_local_clock_reset_block/rxoutclk_bufh_i/O
                         net (fo=1416, routed)        0.812     5.239    pcs_pma/inst/ten_gig_eth_pcs_pma_block_i/ten_gig_eth_pcs_pma_0_core/ten_gig_eth_pcs_pma_inst/G_IS_BASER.ten_gig_eth_pcs_pma_inst/BASER.ten_gig_eth_pcs_pma_inst/pcs_top_i/rx_pcs_i/rx_decoder_i/rxusrclk2
    SLICE_X216Y154       FDRE                                         r  pcs_pma/inst/ten_gig_eth_pcs_pma_block_i/ten_gig_eth_pcs_pma_0_core/ten_gig_eth_pcs_pma_inst/G_IS_BASER.ten_gig_eth_pcs_pma_inst/BASER.ten_gig_eth_pcs_pma_inst/pcs_top_i/rx_pcs_i/rx_decoder_i/mcp1_r_type_next_reg_reg[1]/C
                         clock pessimism              0.169     5.408    
                         clock uncertainty           -0.035     5.373    
    SLICE_X216Y154       FDRE (Setup_fdre_C_D)        0.066     5.439    pcs_pma/inst/ten_gig_eth_pcs_pma_block_i/ten_gig_eth_pcs_pma_0_core/ten_gig_eth_pcs_pma_inst/G_IS_BASER.ten_gig_eth_pcs_pma_inst/BASER.ten_gig_eth_pcs_pma_inst/pcs_top_i/rx_pcs_i/rx_decoder_i/mcp1_r_type_next_reg_reg[1]
  -------------------------------------------------------------------
                         required time                          5.439    
                         arrival time                          -5.217    
  -------------------------------------------------------------------
                         slack                                  0.222    





Min Delay Paths
--------------------------------------------------------------------------------------
Slack (MET) :             0.063ns  (arrival time - required time)
  Source:                 pcs_pma/inst/ten_gig_eth_pcs_pma_block_i/ten_gig_eth_pcs_pma_0_core/ten_gig_eth_pcs_pma_inst/G_IS_BASER.ten_gig_eth_pcs_pma_inst/BASER.ten_gig_eth_pcs_pma_inst/ebuff_gen.rx_elastic_buffer_i/rx_elastic_buffer_i/idle_delete_i/mcp1_fifo_data_out_reg[28]/C
                            (rising edge-triggered cell FDRE clocked by pcs_pma/inst/ten_gig_eth_pcs_pma_block_i/gt0_gtwizard_10gbaser_multi_gt_i/gt0_gtwizard_gth_10gbaser_i/gthe2_i/RXOUTCLK  {rise@0.000ns fall@1.551ns period=3.103ns})
  Destination:            pcs_pma/inst/ten_gig_eth_pcs_pma_block_i/ten_gig_eth_pcs_pma_0_core/ten_gig_eth_pcs_pma_inst/G_IS_BASER.ten_gig_eth_pcs_pma_inst/BASER.ten_gig_eth_pcs_pma_inst/ebuff_gen.rx_elastic_buffer_i/rx_elastic_buffer_i/asynch_fifo_i/dp_ram_i/ten_gig_disti_ram_reg_0_31_24_29/RAMC/I
                            (rising edge-triggered cell RAMD32 clocked by pcs_pma/inst/ten_gig_eth_pcs_pma_block_i/gt0_gtwizard_10gbaser_multi_gt_i/gt0_gtwizard_gth_10gbaser_i/gthe2_i/RXOUTCLK  {rise@0.000ns fall@1.551ns period=3.103ns})
  Path Group:             pcs_pma/inst/ten_gig_eth_pcs_pma_block_i/gt0_gtwizard_10gbaser_multi_gt_i/gt0_gtwizard_gth_10gbaser_i/gthe2_i/RXOUTCLK
  Path Type:              Hold (Min at Fast Process Corner)
  Requirement:            0.000ns  (pcs_pma/inst/ten_gig_eth_pcs_pma_block_i/gt0_gtwizard_10gbaser_multi_gt_i/gt0_gtwizard_gth_10gbaser_i/gthe2_i/RXOUTCLK rise@3.103ns - pcs_pma/inst/ten_gig_eth_pcs_pma_block_i/gt0_gtwizard_10gbaser_multi_gt_i/gt0_gtwizard_gth_10gbaser_i/gthe2_i/RXOUTCLK rise@3.103ns)
  Data Path Delay:        0.207ns  (logic 0.100ns (48.254%)  route 0.107ns (51.746%))
  Logic Levels:           0  
  Clock Path Skew:        0.015ns (DCD - SCD - CPR)
    Destination Clock Delay (DCD):    1.238ns
    Source Clock Delay      (SCD):    0.982ns
    Clock Pessimism Removal (CPR):    0.241ns
  Timing Exception:       MultiCycle Path   Setup -end   2    Hold  -start 1

    Location             Delay type                Incr(ns)  Path(ns)    Netlist Resource(s)
  -------------------------------------------------------------------    -------------------
                         (clock pcs_pma/inst/ten_gig_eth_pcs_pma_block_i/gt0_gtwizard_10gbaser_multi_gt_i/gt0_gtwizard_gth_10gbaser_i/gthe2_i/RXOUTCLK rise edge)
                                                      3.103     3.103 r  
    GTHE2_CHANNEL_X1Y12  GTHE2_CHANNEL                0.000     3.103 r  pcs_pma/inst/ten_gig_eth_pcs_pma_block_i/gt0_gtwizard_10gbaser_multi_gt_i/gt0_gtwizard_gth_10gbaser_i/gthe2_i/RXOUTCLK
                         net (fo=1, routed)           0.515     3.618    pcs_pma/inst/ten_gig_eth_pcs_pma_block_i/ten_gig_eth_pcs_pma_0_local_clock_reset_block/rxrecclk_out
    BUFHCE_X1Y36         BUFH (Prop_bufh_I_O)         0.023     3.641 r  pcs_pma/inst/ten_gig_eth_pcs_pma_block_i/ten_gig_eth_pcs_pma_0_local_clock_reset_block/rxoutclk_bufh_i/O
                         net (fo=1416, routed)        0.444     4.085    pcs_pma/inst/ten_gig_eth_pcs_pma_block_i/ten_gig_eth_pcs_pma_0_core/ten_gig_eth_pcs_pma_inst/G_IS_BASER.ten_gig_eth_pcs_pma_inst/BASER.ten_gig_eth_pcs_pma_inst/ebuff_gen.rx_elastic_buffer_i/rx_elastic_buffer_i/idle_delete_i/rxusrclk2
    SLICE_X201Y162       FDRE                                         r  pcs_pma/inst/ten_gig_eth_pcs_pma_block_i/ten_gig_eth_pcs_pma_0_core/ten_gig_eth_pcs_pma_inst/G_IS_BASER.ten_gig_eth_pcs_pma_inst/BASER.ten_gig_eth_pcs_pma_inst/ebuff_gen.rx_elastic_buffer_i/rx_elastic_buffer_i/idle_delete_i/mcp1_fifo_data_out_reg[28]/C
  -------------------------------------------------------------------    -------------------
    SLICE_X201Y162       FDRE (Prop_fdre_C_Q)         0.100     4.185 r  pcs_pma/inst/ten_gig_eth_pcs_pma_block_i/ten_gig_eth_pcs_pma_0_core/ten_gig_eth_pcs_pma_inst/G_IS_BASER.ten_gig_eth_pcs_pma_inst/BASER.ten_gig_eth_pcs_pma_inst/ebuff_gen.rx_elastic_buffer_i/rx_elastic_buffer_i/idle_delete_i/mcp1_fifo_data_out_reg[28]/Q
                         net (fo=1, routed)           0.107     4.292    pcs_pma/inst/ten_gig_eth_pcs_pma_block_i/ten_gig_eth_pcs_pma_0_core/ten_gig_eth_pcs_pma_inst/G_IS_BASER.ten_gig_eth_pcs_pma_inst/BASER.ten_gig_eth_pcs_pma_inst/ebuff_gen.rx_elastic_buffer_i/rx_elastic_buffer_i/asynch_fifo_i/dp_ram_i/ten_gig_disti_ram_reg_0_31_24_29/DIC0
    SLICE_X200Y161       RAMD32                                       r  pcs_pma/inst/ten_gig_eth_pcs_pma_block_i/ten_gig_eth_pcs_pma_0_core/ten_gig_eth_pcs_pma_inst/G_IS_BASER.ten_gig_eth_pcs_pma_inst/BASER.ten_gig_eth_pcs_pma_inst/ebuff_gen.rx_elastic_buffer_i/rx_elastic_buffer_i/asynch_fifo_i/dp_ram_i/ten_gig_disti_ram_reg_0_31_24_29/RAMC/I
  -------------------------------------------------------------------    -------------------

                         (clock pcs_pma/inst/ten_gig_eth_pcs_pma_block_i/gt0_gtwizard_10gbaser_multi_gt_i/gt0_gtwizard_gth_10gbaser_i/gthe2_i/RXOUTCLK rise edge)
                                                      3.103     3.103 r  
    GTHE2_CHANNEL_X1Y12  GTHE2_CHANNEL                0.000     3.103 r  pcs_pma/inst/ten_gig_eth_pcs_pma_block_i/gt0_gtwizard_10gbaser_multi_gt_i/gt0_gtwizard_gth_10gbaser_i/gthe2_i/RXOUTCLK
                         net (fo=1, routed)           0.593     3.696    pcs_pma/inst/ten_gig_eth_pcs_pma_block_i/ten_gig_eth_pcs_pma_0_local_clock_reset_block/rxrecclk_out
    BUFHCE_X1Y36         BUFH (Prop_bufh_I_O)         0.045     3.741 r  pcs_pma/inst/ten_gig_eth_pcs_pma_block_i/ten_gig_eth_pcs_pma_0_local_clock_reset_block/rxoutclk_bufh_i/O
                         net (fo=1416, routed)        0.600     4.341    pcs_pma/inst/ten_gig_eth_pcs_pma_block_i/ten_gig_eth_pcs_pma_0_core/ten_gig_eth_pcs_pma_inst/G_IS_BASER.ten_gig_eth_pcs_pma_inst/BASER.ten_gig_eth_pcs_pma_inst/ebuff_gen.rx_elastic_buffer_i/rx_elastic_buffer_i/asynch_fifo_i/dp_ram_i/ten_gig_disti_ram_reg_0_31_24_29/WCLK
    SLICE_X200Y161       RAMD32                                       r  pcs_pma/inst/ten_gig_eth_pcs_pma_block_i/ten_gig_eth_pcs_pma_0_core/ten_gig_eth_pcs_pma_inst/G_IS_BASER.ten_gig_eth_pcs_pma_inst/BASER.ten_gig_eth_pcs_pma_inst/ebuff_gen.rx_elastic_buffer_i/rx_elastic_buffer_i/asynch_fifo_i/dp_ram_i/ten_gig_disti_ram_reg_0_31_24_29/RAMC/CLK
                         clock pessimism             -0.241     4.100    
    SLICE_X200Y161       RAMD32 (Hold_ramd32_CLK_I)
                                                      0.129     4.229    pcs_pma/inst/ten_gig_eth_pcs_pma_block_i/ten_gig_eth_pcs_pma_0_core/ten_gig_eth_pcs_pma_inst/G_IS_BASER.ten_gig_eth_pcs_pma_inst/BASER.ten_gig_eth_pcs_pma_inst/ebuff_gen.rx_elastic_buffer_i/rx_elastic_buffer_i/asynch_fifo_i/dp_ram_i/ten_gig_disti_ram_reg_0_31_24_29/RAMC
  -------------------------------------------------------------------
                         required time                         -4.229    
                         arrival time                           4.292    
  -------------------------------------------------------------------
                         slack                                  0.063    





Pulse Width Checks
--------------------------------------------------------------------------------------
Clock Name:         pcs_pma/inst/ten_gig_eth_pcs_pma_block_i/gt0_gtwizard_10gbaser_multi_gt_i/gt0_gtwizard_gth_10gbaser_i/gthe2_i/RXOUTCLK
Waveform(ns):       { 0.000 1.551 }
Period(ns):         3.103
Sources:            { pcs_pma/inst/ten_gig_eth_pcs_pma_block_i/gt0_gtwizard_10gbaser_multi_gt_i/gt0_gtwizard_gth_10gbaser_i/gthe2_i/RXOUTCLK }

Check Type        Corner  Lib Pin                 Reference Pin  Required(ns)  Actual(ns)  Slack(ns)  Location             Pin
Min Period        n/a     GTHE2_CHANNEL/RXUSRCLK  n/a            2.831         3.103       0.272      GTHE2_CHANNEL_X1Y12  pcs_pma/inst/ten_gig_eth_pcs_pma_block_i/gt0_gtwizard_10gbaser_multi_gt_i/gt0_gtwizard_gth_10gbaser_i/gthe2_i/RXUSRCLK
Low Pulse Width   Slow    RAMD32/CLK              n/a            0.768         1.551       0.783      SLICE_X196Y156       pcs_pma/inst/ten_gig_eth_pcs_pma_block_i/ten_gig_eth_pcs_pma_0_core/ten_gig_eth_pcs_pma_inst/G_IS_BASER.ten_gig_eth_pcs_pma_inst/BASER.ten_gig_eth_pcs_pma_inst/ebuff_gen.rx_elastic_buffer_i/rx_elastic_buffer_i/asynch_fifo_i/dp_ram_i/ten_gig_disti_ram_reg_0_31_0_5/RAMA/CLK
High Pulse Width  Slow    RAMD32/CLK              n/a            0.768         1.552       0.784      SLICE_X196Y156       pcs_pma/inst/ten_gig_eth_pcs_pma_block_i/ten_gig_eth_pcs_pma_0_core/ten_gig_eth_pcs_pma_inst/G_IS_BASER.ten_gig_eth_pcs_pma_inst/BASER.ten_gig_eth_pcs_pma_inst/ebuff_gen.rx_elastic_buffer_i/rx_elastic_buffer_i/asynch_fifo_i/dp_ram_i/ten_gig_disti_ram_reg_0_31_0_5/RAMA/CLK



---------------------------------------------------------------------------------------------------
From Clock:  pcs_pma/inst/ten_gig_eth_pcs_pma_block_i/gt0_gtwizard_10gbaser_multi_gt_i/gt0_gtwizard_gth_10gbaser_i/gthe2_i/TXOUTCLK
  To Clock:  pcs_pma/inst/ten_gig_eth_pcs_pma_block_i/gt0_gtwizard_10gbaser_multi_gt_i/gt0_gtwizard_gth_10gbaser_i/gthe2_i/TXOUTCLK

Setup :            0  Failing Endpoints,  Worst Slack        1.017ns,  Total Violation        0.000ns
Hold  :            0  Failing Endpoints,  Worst Slack        0.106ns,  Total Violation        0.000ns
PW    :            0  Failing Endpoints,  Worst Slack        0.272ns,  Total Violation        0.000ns
---------------------------------------------------------------------------------------------------


Max Delay Paths
--------------------------------------------------------------------------------------
Slack (MET) :             1.017ns  (required time - arrival time)
  Source:                 pcs_pma/inst/ten_gig_eth_pcs_pma_block_i/ten_gig_eth_pcs_pma_0_core/ten_gig_eth_pcs_pma_inst/G_IS_BASER.ten_gig_eth_pcs_pma_inst/BASER.ten_gig_eth_pcs_pma_inst/G_7SERIES_TXFIFO.txratefifo_i/txsequence_int_reg[1]/C
                            (rising edge-triggered cell FDRE clocked by pcs_pma/inst/ten_gig_eth_pcs_pma_block_i/gt0_gtwizard_10gbaser_multi_gt_i/gt0_gtwizard_gth_10gbaser_i/gthe2_i/TXOUTCLK  {rise@0.000ns fall@1.551ns period=3.103ns})
  Destination:            pcs_pma/inst/ten_gig_eth_pcs_pma_block_i/ten_gig_eth_pcs_pma_0_core/ten_gig_eth_pcs_pma_inst/G_IS_BASER.ten_gig_eth_pcs_pma_inst/BASER.ten_gig_eth_pcs_pma_inst/G_7SERIES_TXFIFO.txratefifo_i/txsequence_int_reg[3]/R
                            (rising edge-triggered cell FDRE clocked by pcs_pma/inst/ten_gig_eth_pcs_pma_block_i/gt0_gtwizard_10gbaser_multi_gt_i/gt0_gtwizard_gth_10gbaser_i/gthe2_i/TXOUTCLK  {rise@0.000ns fall@1.551ns period=3.103ns})
  Path Group:             pcs_pma/inst/ten_gig_eth_pcs_pma_block_i/gt0_gtwizard_10gbaser_multi_gt_i/gt0_gtwizard_gth_10gbaser_i/gthe2_i/TXOUTCLK
  Path Type:              Setup (Max at Slow Process Corner)
  Requirement:            3.103ns  (pcs_pma/inst/ten_gig_eth_pcs_pma_block_i/gt0_gtwizard_10gbaser_multi_gt_i/gt0_gtwizard_gth_10gbaser_i/gthe2_i/TXOUTCLK rise@3.103ns - pcs_pma/inst/ten_gig_eth_pcs_pma_block_i/gt0_gtwizard_10gbaser_multi_gt_i/gt0_gtwizard_gth_10gbaser_i/gthe2_i/TXOUTCLK rise@0.000ns)
  Data Path Delay:        1.722ns  (logic 0.309ns (17.945%)  route 1.413ns (82.055%))
  Logic Levels:           2  (LUT4=1 LUT6=1)
  Clock Path Skew:        -0.025ns (DCD - SCD + CPR)
    Destination Clock Delay (DCD):    3.666ns = ( 6.769 - 3.103 ) 
    Source Clock Delay      (SCD):    3.956ns
    Clock Pessimism Removal (CPR):    0.265ns
  Clock Uncertainty:      0.035ns  ((TSJ^2 + TIJ^2)^1/2 + DJ) / 2 + PE
    Total System Jitter     (TSJ):    0.071ns
    Total Input Jitter      (TIJ):    0.000ns
    Discrete Jitter          (DJ):    0.000ns
    Phase Error              (PE):    0.000ns

    Location             Delay type                Incr(ns)  Path(ns)    Netlist Resource(s)
  -------------------------------------------------------------------    -------------------
                         (clock pcs_pma/inst/ten_gig_eth_pcs_pma_block_i/gt0_gtwizard_10gbaser_multi_gt_i/gt0_gtwizard_gth_10gbaser_i/gthe2_i/TXOUTCLK rise edge)
                                                      0.000     0.000 r  
    GTHE2_CHANNEL_X1Y12  GTHE2_CHANNEL                0.000     0.000 r  pcs_pma/inst/ten_gig_eth_pcs_pma_block_i/gt0_gtwizard_10gbaser_multi_gt_i/gt0_gtwizard_gth_10gbaser_i/gthe2_i/TXOUTCLK
                         net (fo=1, routed)           2.024     2.024    pcs_pma/inst/ten_gig_eth_pcs_pma_shared_clock_reset_block/txoutclk
    BUFGCTRL_X0Y0        BUFG (Prop_bufg_I_O)         0.093     2.117 r  pcs_pma/inst/ten_gig_eth_pcs_pma_shared_clock_reset_block/txoutclk_bufg_i/O
                         net (fo=203, routed)         1.839     3.956    pcs_pma/inst/ten_gig_eth_pcs_pma_block_i/ten_gig_eth_pcs_pma_0_core/ten_gig_eth_pcs_pma_inst/G_IS_BASER.ten_gig_eth_pcs_pma_inst/BASER.ten_gig_eth_pcs_pma_inst/G_7SERIES_TXFIFO.txratefifo_i/txusrclk2
    SLICE_X217Y146       FDRE                                         r  pcs_pma/inst/ten_gig_eth_pcs_pma_block_i/ten_gig_eth_pcs_pma_0_core/ten_gig_eth_pcs_pma_inst/G_IS_BASER.ten_gig_eth_pcs_pma_inst/BASER.ten_gig_eth_pcs_pma_inst/G_7SERIES_TXFIFO.txratefifo_i/txsequence_int_reg[1]/C
  -------------------------------------------------------------------    -------------------
    SLICE_X217Y146       FDRE (Prop_fdre_C_Q)         0.223     4.179 f  pcs_pma/inst/ten_gig_eth_pcs_pma_block_i/ten_gig_eth_pcs_pma_0_core/ten_gig_eth_pcs_pma_inst/G_IS_BASER.ten_gig_eth_pcs_pma_inst/BASER.ten_gig_eth_pcs_pma_inst/G_7SERIES_TXFIFO.txratefifo_i/txsequence_int_reg[1]/Q
                         net (fo=19, routed)          0.674     4.853    pcs_pma/inst/ten_gig_eth_pcs_pma_block_i/ten_gig_eth_pcs_pma_0_core/ten_gig_eth_pcs_pma_inst/G_IS_BASER.ten_gig_eth_pcs_pma_inst/BASER.ten_gig_eth_pcs_pma_inst/G_7SERIES_TXFIFO.txratefifo_i/Q[0]
    SLICE_X218Y149       LUT6 (Prop_lut6_I3_O)        0.043     4.896 r  pcs_pma/inst/ten_gig_eth_pcs_pma_block_i/ten_gig_eth_pcs_pma_0_core/ten_gig_eth_pcs_pma_inst/G_IS_BASER.ten_gig_eth_pcs_pma_inst/BASER.ten_gig_eth_pcs_pma_inst/G_7SERIES_TXFIFO.txratefifo_i/txsequence_int[6]_i_3/O
                         net (fo=1, routed)           0.331     5.227    pcs_pma/inst/ten_gig_eth_pcs_pma_block_i/ten_gig_eth_pcs_pma_0_core/ten_gig_eth_pcs_pma_inst/G_IS_BASER.ten_gig_eth_pcs_pma_inst/BASER.ten_gig_eth_pcs_pma_inst/G_7SERIES_TXFIFO.txratefifo_i/txsequence_int[6]_i_3_n_0
    SLICE_X218Y147       LUT4 (Prop_lut4_I2_O)        0.043     5.270 r  pcs_pma/inst/ten_gig_eth_pcs_pma_block_i/ten_gig_eth_pcs_pma_0_core/ten_gig_eth_pcs_pma_inst/G_IS_BASER.ten_gig_eth_pcs_pma_inst/BASER.ten_gig_eth_pcs_pma_inst/G_7SERIES_TXFIFO.txratefifo_i/txsequence_int[6]_i_1/O
                         net (fo=7, routed)           0.408     5.678    pcs_pma/inst/ten_gig_eth_pcs_pma_block_i/ten_gig_eth_pcs_pma_0_core/ten_gig_eth_pcs_pma_inst/G_IS_BASER.ten_gig_eth_pcs_pma_inst/BASER.ten_gig_eth_pcs_pma_inst/G_7SERIES_TXFIFO.txratefifo_i/txsequence_int0
    SLICE_X219Y148       FDRE                                         r  pcs_pma/inst/ten_gig_eth_pcs_pma_block_i/ten_gig_eth_pcs_pma_0_core/ten_gig_eth_pcs_pma_inst/G_IS_BASER.ten_gig_eth_pcs_pma_inst/BASER.ten_gig_eth_pcs_pma_inst/G_7SERIES_TXFIFO.txratefifo_i/txsequence_int_reg[3]/R
  -------------------------------------------------------------------    -------------------

                         (clock pcs_pma/inst/ten_gig_eth_pcs_pma_block_i/gt0_gtwizard_10gbaser_multi_gt_i/gt0_gtwizard_gth_10gbaser_i/gthe2_i/TXOUTCLK rise edge)
                                                      3.103     3.103 r  
    GTHE2_CHANNEL_X1Y12  GTHE2_CHANNEL                0.000     3.103 r  pcs_pma/inst/ten_gig_eth_pcs_pma_block_i/gt0_gtwizard_10gbaser_multi_gt_i/gt0_gtwizard_gth_10gbaser_i/gthe2_i/TXOUTCLK
                         net (fo=1, routed)           1.887     4.990    pcs_pma/inst/ten_gig_eth_pcs_pma_shared_clock_reset_block/txoutclk
    BUFGCTRL_X0Y0        BUFG (Prop_bufg_I_O)         0.083     5.073 r  pcs_pma/inst/ten_gig_eth_pcs_pma_shared_clock_reset_block/txoutclk_bufg_i/O
                         net (fo=203, routed)         1.696     6.769    pcs_pma/inst/ten_gig_eth_pcs_pma_block_i/ten_gig_eth_pcs_pma_0_core/ten_gig_eth_pcs_pma_inst/G_IS_BASER.ten_gig_eth_pcs_pma_inst/BASER.ten_gig_eth_pcs_pma_inst/G_7SERIES_TXFIFO.txratefifo_i/txusrclk2
    SLICE_X219Y148       FDRE                                         r  pcs_pma/inst/ten_gig_eth_pcs_pma_block_i/ten_gig_eth_pcs_pma_0_core/ten_gig_eth_pcs_pma_inst/G_IS_BASER.ten_gig_eth_pcs_pma_inst/BASER.ten_gig_eth_pcs_pma_inst/G_7SERIES_TXFIFO.txratefifo_i/txsequence_int_reg[3]/C
                         clock pessimism              0.265     7.034    
                         clock uncertainty           -0.035     6.999    
    SLICE_X219Y148       FDRE (Setup_fdre_C_R)       -0.304     6.695    pcs_pma/inst/ten_gig_eth_pcs_pma_block_i/ten_gig_eth_pcs_pma_0_core/ten_gig_eth_pcs_pma_inst/G_IS_BASER.ten_gig_eth_pcs_pma_inst/BASER.ten_gig_eth_pcs_pma_inst/G_7SERIES_TXFIFO.txratefifo_i/txsequence_int_reg[3]
  -------------------------------------------------------------------
                         required time                          6.695    
                         arrival time                          -5.678    
  -------------------------------------------------------------------
                         slack                                  1.017    





Min Delay Paths
--------------------------------------------------------------------------------------
Slack (MET) :             0.106ns  (arrival time - required time)
  Source:                 pcs_pma/inst/ten_gig_eth_pcs_pma_block_i/ten_gig_eth_pcs_pma_0_core/ten_gig_eth_pcs_pma_inst/G_IS_BASER.ten_gig_eth_pcs_pma_inst/BASER.ten_gig_eth_pcs_pma_inst/G_7SERIES_TXFIFO.txratefifo_i/asynch_fifo_i/dp_ram_i/rd_data_reg[22]/C
                            (rising edge-triggered cell FDRE clocked by pcs_pma/inst/ten_gig_eth_pcs_pma_block_i/gt0_gtwizard_10gbaser_multi_gt_i/gt0_gtwizard_gth_10gbaser_i/gthe2_i/TXOUTCLK  {rise@0.000ns fall@1.551ns period=3.103ns})
  Destination:            pcs_pma/inst/ten_gig_eth_pcs_pma_block_i/ten_gig_eth_pcs_pma_0_core/ten_gig_eth_pcs_pma_inst/G_IS_BASER.ten_gig_eth_pcs_pma_inst/BASER.ten_gig_eth_pcs_pma_inst/gt_txd_reg[20]/D
                            (rising edge-triggered cell FDRE clocked by pcs_pma/inst/ten_gig_eth_pcs_pma_block_i/gt0_gtwizard_10gbaser_multi_gt_i/gt0_gtwizard_gth_10gbaser_i/gthe2_i/TXOUTCLK  {rise@0.000ns fall@1.551ns period=3.103ns})
  Path Group:             pcs_pma/inst/ten_gig_eth_pcs_pma_block_i/gt0_gtwizard_10gbaser_multi_gt_i/gt0_gtwizard_gth_10gbaser_i/gthe2_i/TXOUTCLK
  Path Type:              Hold (Min at Fast Process Corner)
  Requirement:            0.000ns  (pcs_pma/inst/ten_gig_eth_pcs_pma_block_i/gt0_gtwizard_10gbaser_multi_gt_i/gt0_gtwizard_gth_10gbaser_i/gthe2_i/TXOUTCLK rise@0.000ns - pcs_pma/inst/ten_gig_eth_pcs_pma_block_i/gt0_gtwizard_10gbaser_multi_gt_i/gt0_gtwizard_gth_10gbaser_i/gthe2_i/TXOUTCLK rise@0.000ns)
  Data Path Delay:        0.230ns  (logic 0.128ns (55.581%)  route 0.102ns (44.419%))
  Logic Levels:           1  (LUT6=1)
  Clock Path Skew:        0.037ns (DCD - SCD - CPR)
    Destination Clock Delay (DCD):    2.075ns
    Source Clock Delay      (SCD):    1.739ns
    Clock Pessimism Removal (CPR):    0.299ns

    Location             Delay type                Incr(ns)  Path(ns)    Netlist Resource(s)
  -------------------------------------------------------------------    -------------------
                         (clock pcs_pma/inst/ten_gig_eth_pcs_pma_block_i/gt0_gtwizard_10gbaser_multi_gt_i/gt0_gtwizard_gth_10gbaser_i/gthe2_i/TXOUTCLK rise edge)
                                                      0.000     0.000 r  
    GTHE2_CHANNEL_X1Y12  GTHE2_CHANNEL                0.000     0.000 r  pcs_pma/inst/ten_gig_eth_pcs_pma_block_i/gt0_gtwizard_10gbaser_multi_gt_i/gt0_gtwizard_gth_10gbaser_i/gthe2_i/TXOUTCLK
                         net (fo=1, routed)           0.901     0.901    pcs_pma/inst/ten_gig_eth_pcs_pma_shared_clock_reset_block/txoutclk
    BUFGCTRL_X0Y0        BUFG (Prop_bufg_I_O)         0.026     0.927 r  pcs_pma/inst/ten_gig_eth_pcs_pma_shared_clock_reset_block/txoutclk_bufg_i/O
                         net (fo=203, routed)         0.812     1.739    pcs_pma/inst/ten_gig_eth_pcs_pma_block_i/ten_gig_eth_pcs_pma_0_core/ten_gig_eth_pcs_pma_inst/G_IS_BASER.ten_gig_eth_pcs_pma_inst/BASER.ten_gig_eth_pcs_pma_inst/G_7SERIES_TXFIFO.txratefifo_i/asynch_fifo_i/dp_ram_i/rd_clk
    SLICE_X217Y148       FDRE                                         r  pcs_pma/inst/ten_gig_eth_pcs_pma_block_i/ten_gig_eth_pcs_pma_0_core/ten_gig_eth_pcs_pma_inst/G_IS_BASER.ten_gig_eth_pcs_pma_inst/BASER.ten_gig_eth_pcs_pma_inst/G_7SERIES_TXFIFO.txratefifo_i/asynch_fifo_i/dp_ram_i/rd_data_reg[22]/C
  -------------------------------------------------------------------    -------------------
    SLICE_X217Y148       FDRE (Prop_fdre_C_Q)         0.100     1.839 r  pcs_pma/inst/ten_gig_eth_pcs_pma_block_i/ten_gig_eth_pcs_pma_0_core/ten_gig_eth_pcs_pma_inst/G_IS_BASER.ten_gig_eth_pcs_pma_inst/BASER.ten_gig_eth_pcs_pma_inst/G_7SERIES_TXFIFO.txratefifo_i/asynch_fifo_i/dp_ram_i/rd_data_reg[22]/Q
                         net (fo=1, routed)           0.102     1.941    pcs_pma/inst/ten_gig_eth_pcs_pma_block_i/ten_gig_eth_pcs_pma_0_core/ten_gig_eth_pcs_pma_inst/G_IS_BASER.ten_gig_eth_pcs_pma_inst/BASER.ten_gig_eth_pcs_pma_inst/G_7SERIES_TXFIFO.txratefifo_i/rd_data[22]
    SLICE_X220Y148       LUT6 (Prop_lut6_I5_O)        0.028     1.969 r  pcs_pma/inst/ten_gig_eth_pcs_pma_block_i/ten_gig_eth_pcs_pma_0_core/ten_gig_eth_pcs_pma_inst/G_IS_BASER.ten_gig_eth_pcs_pma_inst/BASER.ten_gig_eth_pcs_pma_inst/G_7SERIES_TXFIFO.txratefifo_i/gt_txd[20]_i_1/O
                         net (fo=1, routed)           0.000     1.969    pcs_pma/inst/ten_gig_eth_pcs_pma_block_i/ten_gig_eth_pcs_pma_0_core/ten_gig_eth_pcs_pma_inst/G_IS_BASER.ten_gig_eth_pcs_pma_inst/BASER.ten_gig_eth_pcs_pma_inst/gt_txd_mux[20]
    SLICE_X220Y148       FDRE                                         r  pcs_pma/inst/ten_gig_eth_pcs_pma_block_i/ten_gig_eth_pcs_pma_0_core/ten_gig_eth_pcs_pma_inst/G_IS_BASER.ten_gig_eth_pcs_pma_inst/BASER.ten_gig_eth_pcs_pma_inst/gt_txd_reg[20]/D
  -------------------------------------------------------------------    -------------------

                         (clock pcs_pma/inst/ten_gig_eth_pcs_pma_block_i/gt0_gtwizard_10gbaser_multi_gt_i/gt0_gtwizard_gth_10gbaser_i/gthe2_i/TXOUTCLK rise edge)
                                                      0.000     0.000 r  
    GTHE2_CHANNEL_X1Y12  GTHE2_CHANNEL                0.000     0.000 r  pcs_pma/inst/ten_gig_eth_pcs_pma_block_i/gt0_gtwizard_10gbaser_multi_gt_i/gt0_gtwizard_gth_10gbaser_i/gthe2_i/TXOUTCLK
                         net (fo=1, routed)           0.988     0.988    pcs_pma/inst/ten_gig_eth_pcs_pma_shared_clock_reset_block/txoutclk
    BUFGCTRL_X0Y0        BUFG (Prop_bufg_I_O)         0.030     1.018 r  pcs_pma/inst/ten_gig_eth_pcs_pma_shared_clock_reset_block/txoutclk_bufg_i/O
                         net (fo=203, routed)         1.057     2.075    pcs_pma/inst/ten_gig_eth_pcs_pma_block_i/ten_gig_eth_pcs_pma_0_core/ten_gig_eth_pcs_pma_inst/G_IS_BASER.ten_gig_eth_pcs_pma_inst/BASER.ten_gig_eth_pcs_pma_inst/txusrclk2
    SLICE_X220Y148       FDRE                                         r  pcs_pma/inst/ten_gig_eth_pcs_pma_block_i/ten_gig_eth_pcs_pma_0_core/ten_gig_eth_pcs_pma_inst/G_IS_BASER.ten_gig_eth_pcs_pma_inst/BASER.ten_gig_eth_pcs_pma_inst/gt_txd_reg[20]/C
                         clock pessimism             -0.299     1.776    
    SLICE_X220Y148       FDRE (Hold_fdre_C_D)         0.087     1.863    pcs_pma/inst/ten_gig_eth_pcs_pma_block_i/ten_gig_eth_pcs_pma_0_core/ten_gig_eth_pcs_pma_inst/G_IS_BASER.ten_gig_eth_pcs_pma_inst/BASER.ten_gig_eth_pcs_pma_inst/gt_txd_reg[20]
  -------------------------------------------------------------------
                         required time                         -1.863    
                         arrival time                           1.969    
  -------------------------------------------------------------------
                         slack                                  0.106    





Pulse Width Checks
--------------------------------------------------------------------------------------
Clock Name:         pcs_pma/inst/ten_gig_eth_pcs_pma_block_i/gt0_gtwizard_10gbaser_multi_gt_i/gt0_gtwizard_gth_10gbaser_i/gthe2_i/TXOUTCLK
Waveform(ns):       { 0.000 1.551 }
Period(ns):         3.103
Sources:            { pcs_pma/inst/ten_gig_eth_pcs_pma_block_i/gt0_gtwizard_10gbaser_multi_gt_i/gt0_gtwizard_gth_10gbaser_i/gthe2_i/TXOUTCLK }

Check Type        Corner  Lib Pin                 Reference Pin  Required(ns)  Actual(ns)  Slack(ns)  Location             Pin
Min Period        n/a     GTHE2_CHANNEL/TXUSRCLK  n/a            2.831         3.103       0.272      GTHE2_CHANNEL_X1Y12  pcs_pma/inst/ten_gig_eth_pcs_pma_block_i/gt0_gtwizard_10gbaser_multi_gt_i/gt0_gtwizard_gth_10gbaser_i/gthe2_i/TXUSRCLK
Low Pulse Width   Slow    FDRE/C                  n/a            0.400         1.551       1.151      SLICE_X216Y168       pcs_pma/inst/ten_gig_eth_pcs_pma_block_i/qplllock_txusrclk2_sync_i/data_out_reg/C
High Pulse Width  Slow    FDRE/C                  n/a            0.350         1.551       1.201      SLICE_X207Y168       pcs_pma/inst/ten_gig_eth_pcs_pma_block_i/gt0_txresetdone_reg1_reg/C



---------------------------------------------------------------------------------------------------
From Clock:  sysclk_200
  To Clock:  sysclk_200

Setup :           NA  Failing Endpoints,  Worst Slack           NA  ,  Total Violation           NA
Hold  :           NA  Failing Endpoints,  Worst Slack           NA  ,  Total Violation           NA
PW    :            0  Failing Endpoints,  Worst Slack        1.100ns,  Total Violation        0.000ns
---------------------------------------------------------------------------------------------------


Pulse Width Checks
--------------------------------------------------------------------------------------
Clock Name:         sysclk_200
Waveform(ns):       { 0.000 2.500 }
Period(ns):         5.000
Sources:            { sysclk_p }

Check Type        Corner  Lib Pin            Reference Pin  Required(ns)  Actual(ns)  Slack(ns)  Location         Pin
Min Period        n/a     MMCME2_ADV/CLKIN1  n/a            1.071         5.000       3.929      MMCME2_ADV_X1Y8  system_clock_divider/mmcm/CLKIN1
Max Period        n/a     MMCME2_ADV/CLKIN1  n/a            100.000       5.000       95.000     MMCME2_ADV_X1Y8  system_clock_divider/mmcm/CLKIN1
Low Pulse Width   Slow    MMCME2_ADV/CLKIN1  n/a            1.400         2.500       1.100      MMCME2_ADV_X1Y8  system_clock_divider/mmcm/CLKIN1
High Pulse Width  Slow    MMCME2_ADV/CLKIN1  n/a            1.400         2.500       1.100      MMCME2_ADV_X1Y8  system_clock_divider/mmcm/CLKIN1



---------------------------------------------------------------------------------------------------
From Clock:  clk_100_unbuffered
  To Clock:  clk_100_unbuffered

Setup :            0  Failing Endpoints,  Worst Slack        7.867ns,  Total Violation        0.000ns
Hold  :            0  Failing Endpoints,  Worst Slack        0.108ns,  Total Violation        0.000ns
PW    :            0  Failing Endpoints,  Worst Slack        4.286ns,  Total Violation        0.000ns
---------------------------------------------------------------------------------------------------


Max Delay Paths
--------------------------------------------------------------------------------------
Slack (MET) :             7.867ns  (required time - arrival time)
  Source:                 pcs_pma/inst/ten_gig_eth_pcs_pma_block_i/gt0_gtwizard_10gbaser_multi_gt_i/gt0_gtwizard_gth_10gbaser_i/gthe2_i/DRPCLK
                            (rising edge-triggered cell GTHE2_CHANNEL clocked by clk_100_unbuffered  {rise@0.000ns fall@5.000ns period=10.000ns})
  Destination:            pcs_pma/inst/ten_gig_eth_pcs_pma_block_i/ten_gig_eth_pcs_pma_0_core/ten_gig_eth_pcs_pma_inst/G_IS_BASER.ten_gig_eth_pcs_pma_inst/BASER.ten_gig_eth_pcs_pma_inst/management_inst/drp_ipif_i/FSM_sequential_state_reg[0]/D
                            (rising edge-triggered cell FDRE clocked by clk_100_unbuffered  {rise@0.000ns fall@5.000ns period=10.000ns})
  Path Group:             clk_100_unbuffered
  Path Type:              Setup (Max at Slow Process Corner)
  Requirement:            10.000ns  (clk_100_unbuffered rise@10.000ns - clk_100_unbuffered rise@0.000ns)
  Data Path Delay:        1.906ns  (logic 1.348ns (70.715%)  route 0.558ns (29.285%))
  Logic Levels:           1  (LUT6=1)
  Clock Path Skew:        -0.194ns (DCD - SCD + CPR)
    Destination Clock Delay (DCD):    -1.474ns = ( 8.526 - 10.000 ) 
    Source Clock Delay      (SCD):    -1.961ns
    Clock Pessimism Removal (CPR):    -0.681ns
  Clock Uncertainty:      0.066ns  ((TSJ^2 + DJ^2)^1/2) / 2 + PE
    Total System Jitter     (TSJ):    0.071ns
    Discrete Jitter          (DJ):    0.112ns
    Phase Error              (PE):    0.000ns

    Location             Delay type                Incr(ns)  Path(ns)    Netlist Resource(s)
  -------------------------------------------------------------------    -------------------
                         (clock clk_100_unbuffered rise edge)
                                                      0.000     0.000 r  
    H19                                               0.000     0.000 r  sysclk_p (IN)
                         net (fo=0)                   0.000     0.000    sysclk_p
    H19                  IBUFDS (Prop_ibufds_I_O)     0.823     0.823 r  system_clock_input/O
                         net (fo=1, routed)           1.081     1.904    system_clock_divider/clk_200_in
    MMCME2_ADV_X1Y8      MMCME2_ADV (Prop_mmcme2_adv_CLKIN1_CLKOUT0)
                                                     -7.970    -6.066 r  system_clock_divider/mmcm/CLKOUT0
                         net (fo=1, routed)           2.174    -3.892    system_clock_divider/clk_100_unbuffered
    BUFGCTRL_X0Y16       BUFG (Prop_bufg_I_O)         0.093    -3.799 r  system_clock_divider/output_buffer/O
                         net (fo=42, routed)          1.838    -1.961    pcs_pma/inst/ten_gig_eth_pcs_pma_block_i/gt0_gtwizard_10gbaser_multi_gt_i/gt0_gtwizard_gth_10gbaser_i/dclk
    GTHE2_CHANNEL_X1Y12  GTHE2_CHANNEL                                r  pcs_pma/inst/ten_gig_eth_pcs_pma_block_i/gt0_gtwizard_10gbaser_multi_gt_i/gt0_gtwizard_gth_10gbaser_i/gthe2_i/DRPCLK
  -------------------------------------------------------------------    -------------------
    GTHE2_CHANNEL_X1Y12  GTHE2_CHANNEL (Prop_gthe2_channel_DRPCLK_DRPRDY)
                                                      1.305    -0.656 f  pcs_pma/inst/ten_gig_eth_pcs_pma_block_i/gt0_gtwizard_10gbaser_multi_gt_i/gt0_gtwizard_gth_10gbaser_i/gthe2_i/DRPRDY
                         net (fo=4, routed)           0.558    -0.098    pcs_pma/inst/ten_gig_eth_pcs_pma_block_i/ten_gig_eth_pcs_pma_0_core/ten_gig_eth_pcs_pma_inst/G_IS_BASER.ten_gig_eth_pcs_pma_inst/BASER.ten_gig_eth_pcs_pma_inst/management_inst/drp_ipif_i/synch_1/drp_drdy
    SLICE_X221Y150       LUT6 (Prop_lut6_I4_O)        0.043    -0.055 r  pcs_pma/inst/ten_gig_eth_pcs_pma_block_i/ten_gig_eth_pcs_pma_0_core/ten_gig_eth_pcs_pma_inst/G_IS_BASER.ten_gig_eth_pcs_pma_inst/BASER.ten_gig_eth_pcs_pma_inst/management_inst/drp_ipif_i/synch_1/FSM_sequential_state[0]_i_1__0/O
                         net (fo=1, routed)           0.000    -0.055    pcs_pma/inst/ten_gig_eth_pcs_pma_block_i/ten_gig_eth_pcs_pma_0_core/ten_gig_eth_pcs_pma_inst/G_IS_BASER.ten_gig_eth_pcs_pma_inst/BASER.ten_gig_eth_pcs_pma_inst/management_inst/drp_ipif_i/synch_1_n_3
    SLICE_X221Y150       FDRE                                         r  pcs_pma/inst/ten_gig_eth_pcs_pma_block_i/ten_gig_eth_pcs_pma_0_core/ten_gig_eth_pcs_pma_inst/G_IS_BASER.ten_gig_eth_pcs_pma_inst/BASER.ten_gig_eth_pcs_pma_inst/management_inst/drp_ipif_i/FSM_sequential_state_reg[0]/D
  -------------------------------------------------------------------    -------------------

                         (clock clk_100_unbuffered rise edge)
                                                     10.000    10.000 r  
    H19                                               0.000    10.000 r  sysclk_p (IN)
                         net (fo=0)                   0.000    10.000    sysclk_p
    H19                  IBUFDS (Prop_ibufds_I_O)     0.727    10.727 r  system_clock_input/O
                         net (fo=1, routed)           0.986    11.713    system_clock_divider/clk_200_in
    MMCME2_ADV_X1Y8      MMCME2_ADV (Prop_mmcme2_adv_CLKIN1_CLKOUT0)
                                                     -6.794     4.919 r  system_clock_divider/mmcm/CLKOUT0
                         net (fo=1, routed)           1.995     6.914    system_clock_divider/clk_100_unbuffered
    BUFGCTRL_X0Y16       BUFG (Prop_bufg_I_O)         0.083     6.997 r  system_clock_divider/output_buffer/O
                         net (fo=42, routed)          1.529     8.526    pcs_pma/inst/ten_gig_eth_pcs_pma_block_i/ten_gig_eth_pcs_pma_0_core/ten_gig_eth_pcs_pma_inst/G_IS_BASER.ten_gig_eth_pcs_pma_inst/BASER.ten_gig_eth_pcs_pma_inst/management_inst/drp_ipif_i/dclk
    SLICE_X221Y150       FDRE                                         r  pcs_pma/inst/ten_gig_eth_pcs_pma_block_i/ten_gig_eth_pcs_pma_0_core/ten_gig_eth_pcs_pma_inst/G_IS_BASER.ten_gig_eth_pcs_pma_inst/BASER.ten_gig_eth_pcs_pma_inst/management_inst/drp_ipif_i/FSM_sequential_state_reg[0]/C
                         clock pessimism             -0.681     7.845    
                         clock uncertainty           -0.066     7.779    
    SLICE_X221Y150       FDRE (Setup_fdre_C_D)        0.033     7.812    pcs_pma/inst/ten_gig_eth_pcs_pma_block_i/ten_gig_eth_pcs_pma_0_core/ten_gig_eth_pcs_pma_inst/G_IS_BASER.ten_gig_eth_pcs_pma_inst/BASER.ten_gig_eth_pcs_pma_inst/management_inst/drp_ipif_i/FSM_sequential_state_reg[0]
  -------------------------------------------------------------------
                         required time                          7.812    
                         arrival time                           0.055    
  -------------------------------------------------------------------
                         slack                                  7.867    





Min Delay Paths
--------------------------------------------------------------------------------------
Slack (MET) :             0.108ns  (arrival time - required time)
  Source:                 pcs_pma/inst/ten_gig_eth_pcs_pma_block_i/ten_gig_eth_pcs_pma_0_core/ten_gig_eth_pcs_pma_inst/G_IS_BASER.ten_gig_eth_pcs_pma_inst/BASER.ten_gig_eth_pcs_pma_inst/management_inst/drp_ipif_i/synch_1/toggle_sync/d1_reg/C
                            (rising edge-triggered cell FDRE clocked by clk_100_unbuffered  {rise@0.000ns fall@5.000ns period=10.000ns})
  Destination:            pcs_pma/inst/ten_gig_eth_pcs_pma_block_i/ten_gig_eth_pcs_pma_0_core/ten_gig_eth_pcs_pma_inst/G_IS_BASER.ten_gig_eth_pcs_pma_inst/BASER.ten_gig_eth_pcs_pma_inst/management_inst/drp_ipif_i/synch_1/toggle_sync/d1b_reg/D
                            (rising edge-triggered cell FDRE clocked by clk_100_unbuffered  {rise@0.000ns fall@5.000ns period=10.000ns})
  Path Group:             clk_100_unbuffered
  Path Type:              Hold (Min at Fast Process Corner)
  Requirement:            0.000ns  (clk_100_unbuffered rise@0.000ns - clk_100_unbuffered rise@0.000ns)
  Data Path Delay:        0.155ns  (logic 0.100ns (64.566%)  route 0.055ns (35.434%))
  Logic Levels:           0  
  Clock Path Skew:        0.000ns (DCD - SCD - CPR)
    Destination Clock Delay (DCD):    -0.559ns
    Source Clock Delay      (SCD):    -0.522ns
    Clock Pessimism Removal (CPR):    -0.037ns

    Location             Delay type                Incr(ns)  Path(ns)    Netlist Resource(s)
  -------------------------------------------------------------------    -------------------
                         (clock clk_100_unbuffered rise edge)
                                                      0.000     0.000 r  
    H19                                               0.000     0.000 r  sysclk_p (IN)
                         net (fo=0)                   0.000     0.000    sysclk_p
    H19                  IBUFDS (Prop_ibufds_I_O)     0.359     0.359 r  system_clock_input/O
                         net (fo=1, routed)           0.503     0.862    system_clock_divider/clk_200_in
    MMCME2_ADV_X1Y8      MMCME2_ADV (Prop_mmcme2_adv_CLKIN1_CLKOUT0)
                                                     -3.385    -2.523 r  system_clock_divider/mmcm/CLKOUT0
                         net (fo=1, routed)           1.161    -1.362    system_clock_divider/clk_100_unbuffered
    BUFGCTRL_X0Y16       BUFG (Prop_bufg_I_O)         0.026    -1.336 r  system_clock_divider/output_buffer/O
                         net (fo=42, routed)          0.814    -0.522    pcs_pma/inst/ten_gig_eth_pcs_pma_block_i/ten_gig_eth_pcs_pma_0_core/ten_gig_eth_pcs_pma_inst/G_IS_BASER.ten_gig_eth_pcs_pma_inst/BASER.ten_gig_eth_pcs_pma_inst/management_inst/drp_ipif_i/synch_1/toggle_sync/dclk
    SLICE_X217Y149       FDRE                                         r  pcs_pma/inst/ten_gig_eth_pcs_pma_block_i/ten_gig_eth_pcs_pma_0_core/ten_gig_eth_pcs_pma_inst/G_IS_BASER.ten_gig_eth_pcs_pma_inst/BASER.ten_gig_eth_pcs_pma_inst/management_inst/drp_ipif_i/synch_1/toggle_sync/d1_reg/C
  -------------------------------------------------------------------    -------------------
    SLICE_X217Y149       FDRE (Prop_fdre_C_Q)         0.100    -0.422 r  pcs_pma/inst/ten_gig_eth_pcs_pma_block_i/ten_gig_eth_pcs_pma_0_core/ten_gig_eth_pcs_pma_inst/G_IS_BASER.ten_gig_eth_pcs_pma_inst/BASER.ten_gig_eth_pcs_pma_inst/management_inst/drp_ipif_i/synch_1/toggle_sync/d1_reg/Q
                         net (fo=1, routed)           0.055    -0.367    pcs_pma/inst/ten_gig_eth_pcs_pma_block_i/ten_gig_eth_pcs_pma_0_core/ten_gig_eth_pcs_pma_inst/G_IS_BASER.ten_gig_eth_pcs_pma_inst/BASER.ten_gig_eth_pcs_pma_inst/management_inst/drp_ipif_i/synch_1/toggle_sync/d1
    SLICE_X217Y149       FDRE                                         r  pcs_pma/inst/ten_gig_eth_pcs_pma_block_i/ten_gig_eth_pcs_pma_0_core/ten_gig_eth_pcs_pma_inst/G_IS_BASER.ten_gig_eth_pcs_pma_inst/BASER.ten_gig_eth_pcs_pma_inst/management_inst/drp_ipif_i/synch_1/toggle_sync/d1b_reg/D
  -------------------------------------------------------------------    -------------------

                         (clock clk_100_unbuffered rise edge)
                                                      0.000     0.000 r  
    H19                                               0.000     0.000 r  sysclk_p (IN)
                         net (fo=0)                   0.000     0.000    sysclk_p
    H19                  IBUFDS (Prop_ibufds_I_O)     0.437     0.437 r  system_clock_input/O
                         net (fo=1, routed)           0.553     0.990    system_clock_divider/clk_200_in
    MMCME2_ADV_X1Y8      MMCME2_ADV (Prop_mmcme2_adv_CLKIN1_CLKOUT0)
                                                     -3.873    -2.883 r  system_clock_divider/mmcm/CLKOUT0
                         net (fo=1, routed)           1.235    -1.648    system_clock_divider/clk_100_unbuffered
    BUFGCTRL_X0Y16       BUFG (Prop_bufg_I_O)         0.030    -1.618 r  system_clock_divider/output_buffer/O
                         net (fo=42, routed)          1.059    -0.559    pcs_pma/inst/ten_gig_eth_pcs_pma_block_i/ten_gig_eth_pcs_pma_0_core/ten_gig_eth_pcs_pma_inst/G_IS_BASER.ten_gig_eth_pcs_pma_inst/BASER.ten_gig_eth_pcs_pma_inst/management_inst/drp_ipif_i/synch_1/toggle_sync/dclk
    SLICE_X217Y149       FDRE                                         r  pcs_pma/inst/ten_gig_eth_pcs_pma_block_i/ten_gig_eth_pcs_pma_0_core/ten_gig_eth_pcs_pma_inst/G_IS_BASER.ten_gig_eth_pcs_pma_inst/BASER.ten_gig_eth_pcs_pma_inst/management_inst/drp_ipif_i/synch_1/toggle_sync/d1b_reg/C
                         clock pessimism              0.037    -0.522    
    SLICE_X217Y149       FDRE (Hold_fdre_C_D)         0.047    -0.475    pcs_pma/inst/ten_gig_eth_pcs_pma_block_i/ten_gig_eth_pcs_pma_0_core/ten_gig_eth_pcs_pma_inst/G_IS_BASER.ten_gig_eth_pcs_pma_inst/BASER.ten_gig_eth_pcs_pma_inst/management_inst/drp_ipif_i/synch_1/toggle_sync/d1b_reg
  -------------------------------------------------------------------
                         required time                          0.475    
                         arrival time                          -0.367    
  -------------------------------------------------------------------
                         slack                                  0.108    





Pulse Width Checks
--------------------------------------------------------------------------------------
Clock Name:         clk_100_unbuffered
Waveform(ns):       { 0.000 5.000 }
Period(ns):         10.000
Sources:            { system_clock_divider/mmcm/CLKOUT0 }

Check Type        Corner  Lib Pin               Reference Pin  Required(ns)  Actual(ns)  Slack(ns)  Location             Pin
Min Period        n/a     GTHE2_CHANNEL/DRPCLK  n/a            5.714         10.000      4.286      GTHE2_CHANNEL_X1Y12  pcs_pma/inst/ten_gig_eth_pcs_pma_block_i/gt0_gtwizard_10gbaser_multi_gt_i/gt0_gtwizard_gth_10gbaser_i/gthe2_i/DRPCLK
Max Period        n/a     MMCME2_ADV/CLKOUT0    n/a            213.360       10.000      203.360    MMCME2_ADV_X1Y8      system_clock_divider/mmcm/CLKOUT0
Low Pulse Width   Slow    FDRE/C                n/a            0.400         5.000       4.600      SLICE_X221Y150       pcs_pma/inst/ten_gig_eth_pcs_pma_block_i/ten_gig_eth_pcs_pma_0_core/ten_gig_eth_pcs_pma_inst/G_IS_BASER.ten_gig_eth_pcs_pma_inst/BASER.ten_gig_eth_pcs_pma_inst/management_inst/drp_ipif_i/ipif_addr_dclk_reg[8]/C
High Pulse Width  Slow    FDRE/C                n/a            0.350         5.000       4.650      SLICE_X221Y150       pcs_pma/inst/ten_gig_eth_pcs_pma_block_i/ten_gig_eth_pcs_pma_0_core/ten_gig_eth_pcs_pma_inst/G_IS_BASER.ten_gig_eth_pcs_pma_inst/BASER.ten_gig_eth_pcs_pma_inst/management_inst/drp_ipif_i/FSM_sequential_state_reg[0]/C



---------------------------------------------------------------------------------------------------
From Clock:  clkfb_unbuffered
  To Clock:  clkfb_unbuffered

Setup :           NA  Failing Endpoints,  Worst Slack           NA  ,  Total Violation           NA
Hold  :           NA  Failing Endpoints,  Worst Slack           NA  ,  Total Violation           NA
PW    :            0  Failing Endpoints,  Worst Slack        3.592ns,  Total Violation        0.000ns
---------------------------------------------------------------------------------------------------


Pulse Width Checks
--------------------------------------------------------------------------------------
Clock Name:         clkfb_unbuffered
Waveform(ns):       { 0.000 2.500 }
Period(ns):         5.000
Sources:            { system_clock_divider/mmcm/CLKFBOUT }

Check Type  Corner  Lib Pin             Reference Pin  Required(ns)  Actual(ns)  Slack(ns)  Location         Pin
Min Period  n/a     BUFG/I              n/a            1.408         5.000       3.591      BUFGCTRL_X0Y17   system_clock_divider/feedback_buffer/I
Max Period  n/a     MMCME2_ADV/CLKFBIN  n/a            100.000       5.000       95.000     MMCME2_ADV_X1Y8  system_clock_divider/mmcm/CLKFBIN



---------------------------------------------------------------------------------------------------
From Clock:  pcs_pma/inst/ten_gig_eth_pcs_pma_block_i/gt0_gtwizard_10gbaser_multi_gt_i/gt0_gtwizard_gth_10gbaser_i/gthe2_i/RXOUTCLK
  To Clock:  gt_refclk_p

Setup :            0  Failing Endpoints,  Worst Slack        2.281ns,  Total Violation        0.000ns
Hold  :           NA  Failing Endpoints,  Worst Slack           NA  ,  Total Violation           NA
---------------------------------------------------------------------------------------------------


Max Delay Paths
--------------------------------------------------------------------------------------
Slack (MET) :             2.281ns  (required time - arrival time)
  Source:                 pcs_pma/inst/ten_gig_eth_pcs_pma_block_i/ten_gig_eth_pcs_pma_0_core/ten_gig_eth_pcs_pma_inst/G_IS_BASER.ten_gig_eth_pcs_pma_inst/BASER.ten_gig_eth_pcs_pma_inst/ebuff_gen.rx_elastic_buffer_i/rx_elastic_buffer_i/asynch_fifo_i/wr_gray_reg[2]/C
                            (rising edge-triggered cell FDRE clocked by pcs_pma/inst/ten_gig_eth_pcs_pma_block_i/gt0_gtwizard_10gbaser_multi_gt_i/gt0_gtwizard_gth_10gbaser_i/gthe2_i/RXOUTCLK  {rise@0.000ns fall@1.551ns period=3.103ns})
  Destination:            pcs_pma/inst/ten_gig_eth_pcs_pma_block_i/ten_gig_eth_pcs_pma_0_core/ten_gig_eth_pcs_pma_inst/G_IS_BASER.ten_gig_eth_pcs_pma_inst/BASER.ten_gig_eth_pcs_pma_inst/ebuff_gen.rx_elastic_buffer_i/rx_elastic_buffer_i/asynch_fifo_i/wr_gray_rdclk0_reg[2]/D
                            (rising edge-triggered cell FDRE clocked by gt_refclk_p  {rise@0.000ns fall@3.200ns period=6.400ns})
  Path Group:             gt_refclk_p
  Path Type:              Setup (Max at Slow Process Corner)
  Requirement:            3.100ns  (MaxDelay Path 3.100ns)
  Data Path Delay:        0.730ns  (logic 0.204ns (27.945%)  route 0.526ns (72.055%))
  Logic Levels:           0  
  Timing Exception:       MaxDelay Path 3.100ns -datapath_only

    Location             Delay type                Incr(ns)  Path(ns)    Netlist Resource(s)
  -------------------------------------------------------------------    -------------------
    SLICE_X197Y155                                    0.000     0.000 r  pcs_pma/inst/ten_gig_eth_pcs_pma_block_i/ten_gig_eth_pcs_pma_0_core/ten_gig_eth_pcs_pma_inst/G_IS_BASER.ten_gig_eth_pcs_pma_inst/BASER.ten_gig_eth_pcs_pma_inst/ebuff_gen.rx_elastic_buffer_i/rx_elastic_buffer_i/asynch_fifo_i/wr_gray_reg[2]/C
    SLICE_X197Y155       FDRE (Prop_fdre_C_Q)         0.204     0.204 r  pcs_pma/inst/ten_gig_eth_pcs_pma_block_i/ten_gig_eth_pcs_pma_0_core/ten_gig_eth_pcs_pma_inst/G_IS_BASER.ten_gig_eth_pcs_pma_inst/BASER.ten_gig_eth_pcs_pma_inst/ebuff_gen.rx_elastic_buffer_i/rx_elastic_buffer_i/asynch_fifo_i/wr_gray_reg[2]/Q
                         net (fo=2, routed)           0.526     0.730    pcs_pma/inst/ten_gig_eth_pcs_pma_block_i/ten_gig_eth_pcs_pma_0_core/ten_gig_eth_pcs_pma_inst/G_IS_BASER.ten_gig_eth_pcs_pma_inst/BASER.ten_gig_eth_pcs_pma_inst/ebuff_gen.rx_elastic_buffer_i/rx_elastic_buffer_i/asynch_fifo_i/wr_gray[2]
    SLICE_X195Y151       FDRE                                         r  pcs_pma/inst/ten_gig_eth_pcs_pma_block_i/ten_gig_eth_pcs_pma_0_core/ten_gig_eth_pcs_pma_inst/G_IS_BASER.ten_gig_eth_pcs_pma_inst/BASER.ten_gig_eth_pcs_pma_inst/ebuff_gen.rx_elastic_buffer_i/rx_elastic_buffer_i/asynch_fifo_i/wr_gray_rdclk0_reg[2]/D
  -------------------------------------------------------------------    -------------------

                         max delay                    3.100     3.100    
    SLICE_X195Y151       FDRE (Setup_fdre_C_D)       -0.089     3.011    pcs_pma/inst/ten_gig_eth_pcs_pma_block_i/ten_gig_eth_pcs_pma_0_core/ten_gig_eth_pcs_pma_inst/G_IS_BASER.ten_gig_eth_pcs_pma_inst/BASER.ten_gig_eth_pcs_pma_inst/ebuff_gen.rx_elastic_buffer_i/rx_elastic_buffer_i/asynch_fifo_i/wr_gray_rdclk0_reg[2]
  -------------------------------------------------------------------
                         required time                          3.011    
                         arrival time                          -0.730    
  -------------------------------------------------------------------
                         slack                                  2.281    





---------------------------------------------------------------------------------------------------
From Clock:  pcs_pma/inst/ten_gig_eth_pcs_pma_block_i/gt0_gtwizard_10gbaser_multi_gt_i/gt0_gtwizard_gth_10gbaser_i/gthe2_i/TXOUTCLK
  To Clock:  gt_refclk_p

Setup :            0  Failing Endpoints,  Worst Slack        2.320ns,  Total Violation        0.000ns
Hold  :           NA  Failing Endpoints,  Worst Slack           NA  ,  Total Violation           NA
---------------------------------------------------------------------------------------------------


Max Delay Paths
--------------------------------------------------------------------------------------
Slack (MET) :             2.320ns  (required time - arrival time)
  Source:                 pcs_pma/inst/ten_gig_eth_pcs_pma_block_i/ten_gig_eth_pcs_pma_0_core/ten_gig_eth_pcs_pma_inst/G_IS_BASER.ten_gig_eth_pcs_pma_inst/BASER.ten_gig_eth_pcs_pma_inst/G_7SERIES_TXFIFO.txratefifo_i/asynch_fifo_i/rd_lastgray_reg[3]/C
                            (rising edge-triggered cell FDRE clocked by pcs_pma/inst/ten_gig_eth_pcs_pma_block_i/gt0_gtwizard_10gbaser_multi_gt_i/gt0_gtwizard_gth_10gbaser_i/gthe2_i/TXOUTCLK  {rise@0.000ns fall@1.551ns period=3.103ns})
  Destination:            pcs_pma/inst/ten_gig_eth_pcs_pma_block_i/ten_gig_eth_pcs_pma_0_core/ten_gig_eth_pcs_pma_inst/G_IS_BASER.ten_gig_eth_pcs_pma_inst/BASER.ten_gig_eth_pcs_pma_inst/G_7SERIES_TXFIFO.txratefifo_i/asynch_fifo_i/rd_lastgray_wrclk0_reg[3]/D
                            (rising edge-triggered cell FDRE clocked by gt_refclk_p  {rise@0.000ns fall@3.200ns period=6.400ns})
  Path Group:             gt_refclk_p
  Path Type:              Setup (Max at Slow Process Corner)
  Requirement:            3.100ns  (MaxDelay Path 3.100ns)
  Data Path Delay:        0.691ns  (logic 0.204ns (29.531%)  route 0.487ns (70.469%))
  Logic Levels:           0  
  Timing Exception:       MaxDelay Path 3.100ns -datapath_only

    Location             Delay type                Incr(ns)  Path(ns)    Netlist Resource(s)
  -------------------------------------------------------------------    -------------------
    SLICE_X218Y144                                    0.000     0.000 r  pcs_pma/inst/ten_gig_eth_pcs_pma_block_i/ten_gig_eth_pcs_pma_0_core/ten_gig_eth_pcs_pma_inst/G_IS_BASER.ten_gig_eth_pcs_pma_inst/BASER.ten_gig_eth_pcs_pma_inst/G_7SERIES_TXFIFO.txratefifo_i/asynch_fifo_i/rd_lastgray_reg[3]/C
    SLICE_X218Y144       FDRE (Prop_fdre_C_Q)         0.204     0.204 r  pcs_pma/inst/ten_gig_eth_pcs_pma_block_i/ten_gig_eth_pcs_pma_0_core/ten_gig_eth_pcs_pma_inst/G_IS_BASER.ten_gig_eth_pcs_pma_inst/BASER.ten_gig_eth_pcs_pma_inst/G_7SERIES_TXFIFO.txratefifo_i/asynch_fifo_i/rd_lastgray_reg[3]/Q
                         net (fo=1, routed)           0.487     0.691    pcs_pma/inst/ten_gig_eth_pcs_pma_block_i/ten_gig_eth_pcs_pma_0_core/ten_gig_eth_pcs_pma_inst/G_IS_BASER.ten_gig_eth_pcs_pma_inst/BASER.ten_gig_eth_pcs_pma_inst/G_7SERIES_TXFIFO.txratefifo_i/asynch_fifo_i/rd_lastgray[3]
    SLICE_X214Y144       FDRE                                         r  pcs_pma/inst/ten_gig_eth_pcs_pma_block_i/ten_gig_eth_pcs_pma_0_core/ten_gig_eth_pcs_pma_inst/G_IS_BASER.ten_gig_eth_pcs_pma_inst/BASER.ten_gig_eth_pcs_pma_inst/G_7SERIES_TXFIFO.txratefifo_i/asynch_fifo_i/rd_lastgray_wrclk0_reg[3]/D
  -------------------------------------------------------------------    -------------------

                         max delay                    3.100     3.100    
    SLICE_X214Y144       FDRE (Setup_fdre_C_D)       -0.089     3.011    pcs_pma/inst/ten_gig_eth_pcs_pma_block_i/ten_gig_eth_pcs_pma_0_core/ten_gig_eth_pcs_pma_inst/G_IS_BASER.ten_gig_eth_pcs_pma_inst/BASER.ten_gig_eth_pcs_pma_inst/G_7SERIES_TXFIFO.txratefifo_i/asynch_fifo_i/rd_lastgray_wrclk0_reg[3]
  -------------------------------------------------------------------
                         required time                          3.011    
                         arrival time                          -0.691    
  -------------------------------------------------------------------
                         slack                                  2.320    





---------------------------------------------------------------------------------------------------
From Clock:  gt_refclk_p
  To Clock:  pcs_pma/inst/ten_gig_eth_pcs_pma_block_i/gt0_gtwizard_10gbaser_multi_gt_i/gt0_gtwizard_gth_10gbaser_i/gthe2_i/RXOUTCLK

Setup :            0  Failing Endpoints,  Worst Slack        2.494ns,  Total Violation        0.000ns
Hold  :           NA  Failing Endpoints,  Worst Slack           NA  ,  Total Violation           NA
---------------------------------------------------------------------------------------------------


Max Delay Paths
--------------------------------------------------------------------------------------
Slack (MET) :             2.494ns  (required time - arrival time)
  Source:                 pcs_pma/inst/ten_gig_eth_pcs_pma_block_i/ten_gig_eth_pcs_pma_0_core/ten_gig_eth_pcs_pma_inst/G_IS_BASER.ten_gig_eth_pcs_pma_inst/BASER.ten_gig_eth_pcs_pma_inst/prbs31_rx_enable_core_rega_reg/C
                            (rising edge-triggered cell FDRE clocked by gt_refclk_p  {rise@0.000ns fall@3.200ns period=6.400ns})
  Destination:            pcs_pma/inst/ten_gig_eth_pcs_pma_block_i/ten_gig_eth_pcs_pma_0_core/ten_gig_eth_pcs_pma_inst/G_IS_BASER.ten_gig_eth_pcs_pma_inst/BASER.ten_gig_eth_pcs_pma_inst/coreclk_rxusrclk2_resyncs_i/resynch[3].synchc_inst/d1_reg/D
                            (rising edge-triggered cell FDRE clocked by pcs_pma/inst/ten_gig_eth_pcs_pma_block_i/gt0_gtwizard_10gbaser_multi_gt_i/gt0_gtwizard_gth_10gbaser_i/gthe2_i/RXOUTCLK  {rise@0.000ns fall@1.551ns period=3.103ns})
  Path Group:             pcs_pma/inst/ten_gig_eth_pcs_pma_block_i/gt0_gtwizard_10gbaser_multi_gt_i/gt0_gtwizard_gth_10gbaser_i/gthe2_i/RXOUTCLK
  Path Type:              Setup (Max at Slow Process Corner)
  Requirement:            3.100ns  (MaxDelay Path 3.100ns)
  Data Path Delay:        0.597ns  (logic 0.223ns (37.344%)  route 0.374ns (62.656%))
  Logic Levels:           0  
  Timing Exception:       MaxDelay Path 3.100ns -datapath_only

    Location             Delay type                Incr(ns)  Path(ns)    Netlist Resource(s)
  -------------------------------------------------------------------    -------------------
    SLICE_X214Y164                                    0.000     0.000 r  pcs_pma/inst/ten_gig_eth_pcs_pma_block_i/ten_gig_eth_pcs_pma_0_core/ten_gig_eth_pcs_pma_inst/G_IS_BASER.ten_gig_eth_pcs_pma_inst/BASER.ten_gig_eth_pcs_pma_inst/prbs31_rx_enable_core_rega_reg/C
    SLICE_X214Y164       FDRE (Prop_fdre_C_Q)         0.223     0.223 r  pcs_pma/inst/ten_gig_eth_pcs_pma_block_i/ten_gig_eth_pcs_pma_0_core/ten_gig_eth_pcs_pma_inst/G_IS_BASER.ten_gig_eth_pcs_pma_inst/BASER.ten_gig_eth_pcs_pma_inst/prbs31_rx_enable_core_rega_reg/Q
                         net (fo=1, routed)           0.374     0.597    pcs_pma/inst/ten_gig_eth_pcs_pma_block_i/ten_gig_eth_pcs_pma_0_core/ten_gig_eth_pcs_pma_inst/G_IS_BASER.ten_gig_eth_pcs_pma_inst/BASER.ten_gig_eth_pcs_pma_inst/coreclk_rxusrclk2_resyncs_i/resynch[3].synchc_inst/d
    SLICE_X217Y161       FDRE                                         r  pcs_pma/inst/ten_gig_eth_pcs_pma_block_i/ten_gig_eth_pcs_pma_0_core/ten_gig_eth_pcs_pma_inst/G_IS_BASER.ten_gig_eth_pcs_pma_inst/BASER.ten_gig_eth_pcs_pma_inst/coreclk_rxusrclk2_resyncs_i/resynch[3].synchc_inst/d1_reg/D
  -------------------------------------------------------------------    -------------------

                         max delay                    3.100     3.100    
    SLICE_X217Y161       FDRE (Setup_fdre_C_D)       -0.009     3.091    pcs_pma/inst/ten_gig_eth_pcs_pma_block_i/ten_gig_eth_pcs_pma_0_core/ten_gig_eth_pcs_pma_inst/G_IS_BASER.ten_gig_eth_pcs_pma_inst/BASER.ten_gig_eth_pcs_pma_inst/coreclk_rxusrclk2_resyncs_i/resynch[3].synchc_inst/d1_reg
  -------------------------------------------------------------------
                         required time                          3.091    
                         arrival time                          -0.597    
  -------------------------------------------------------------------
                         slack                                  2.494    





---------------------------------------------------------------------------------------------------
From Clock:  gt_refclk_p
  To Clock:  pcs_pma/inst/ten_gig_eth_pcs_pma_block_i/gt0_gtwizard_10gbaser_multi_gt_i/gt0_gtwizard_gth_10gbaser_i/gthe2_i/TXOUTCLK

Setup :            0  Failing Endpoints,  Worst Slack        5.719ns,  Total Violation        0.000ns
Hold  :           NA  Failing Endpoints,  Worst Slack           NA  ,  Total Violation           NA
---------------------------------------------------------------------------------------------------


Max Delay Paths
--------------------------------------------------------------------------------------
Slack (MET) :             5.719ns  (required time - arrival time)
  Source:                 pcs_pma/inst/ten_gig_eth_pcs_pma_block_i/ten_gig_eth_pcs_pma_0_core/ten_gig_eth_pcs_pma_inst/G_IS_BASER.ten_gig_eth_pcs_pma_inst/BASER.ten_gig_eth_pcs_pma_inst/G_7SERIES_TXFIFO.txratefifo_i/asynch_fifo_i/wr_gray_reg[3]/C
                            (rising edge-triggered cell FDRE clocked by gt_refclk_p  {rise@0.000ns fall@3.200ns period=6.400ns})
  Destination:            pcs_pma/inst/ten_gig_eth_pcs_pma_block_i/ten_gig_eth_pcs_pma_0_core/ten_gig_eth_pcs_pma_inst/G_IS_BASER.ten_gig_eth_pcs_pma_inst/BASER.ten_gig_eth_pcs_pma_inst/G_7SERIES_TXFIFO.txratefifo_i/asynch_fifo_i/wr_gray_rdclk0_reg[3]/D
                            (rising edge-triggered cell FDRE clocked by pcs_pma/inst/ten_gig_eth_pcs_pma_block_i/gt0_gtwizard_10gbaser_multi_gt_i/gt0_gtwizard_gth_10gbaser_i/gthe2_i/TXOUTCLK  {rise@0.000ns fall@1.551ns period=3.103ns})
  Path Group:             pcs_pma/inst/ten_gig_eth_pcs_pma_block_i/gt0_gtwizard_10gbaser_multi_gt_i/gt0_gtwizard_gth_10gbaser_i/gthe2_i/TXOUTCLK
  Path Type:              Setup (Max at Slow Process Corner)
  Requirement:            6.400ns  (MaxDelay Path 6.400ns)
  Data Path Delay:        0.589ns  (logic 0.204ns (34.645%)  route 0.385ns (65.355%))
  Logic Levels:           0  
  Timing Exception:       MaxDelay Path 6.400ns -datapath_only

    Location             Delay type                Incr(ns)  Path(ns)    Netlist Resource(s)
  -------------------------------------------------------------------    -------------------
    SLICE_X215Y145                                    0.000     0.000 r  pcs_pma/inst/ten_gig_eth_pcs_pma_block_i/ten_gig_eth_pcs_pma_0_core/ten_gig_eth_pcs_pma_inst/G_IS_BASER.ten_gig_eth_pcs_pma_inst/BASER.ten_gig_eth_pcs_pma_inst/G_7SERIES_TXFIFO.txratefifo_i/asynch_fifo_i/wr_gray_reg[3]/C
    SLICE_X215Y145       FDRE (Prop_fdre_C_Q)         0.204     0.204 r  pcs_pma/inst/ten_gig_eth_pcs_pma_block_i/ten_gig_eth_pcs_pma_0_core/ten_gig_eth_pcs_pma_inst/G_IS_BASER.ten_gig_eth_pcs_pma_inst/BASER.ten_gig_eth_pcs_pma_inst/G_7SERIES_TXFIFO.txratefifo_i/asynch_fifo_i/wr_gray_reg[3]/Q
                         net (fo=2, routed)           0.385     0.589    pcs_pma/inst/ten_gig_eth_pcs_pma_block_i/ten_gig_eth_pcs_pma_0_core/ten_gig_eth_pcs_pma_inst/G_IS_BASER.ten_gig_eth_pcs_pma_inst/BASER.ten_gig_eth_pcs_pma_inst/G_7SERIES_TXFIFO.txratefifo_i/asynch_fifo_i/wr_gray[3]
    SLICE_X221Y143       FDRE                                         r  pcs_pma/inst/ten_gig_eth_pcs_pma_block_i/ten_gig_eth_pcs_pma_0_core/ten_gig_eth_pcs_pma_inst/G_IS_BASER.ten_gig_eth_pcs_pma_inst/BASER.ten_gig_eth_pcs_pma_inst/G_7SERIES_TXFIFO.txratefifo_i/asynch_fifo_i/wr_gray_rdclk0_reg[3]/D
  -------------------------------------------------------------------    -------------------

                         max delay                    6.400     6.400    
    SLICE_X221Y143       FDRE (Setup_fdre_C_D)       -0.092     6.308    pcs_pma/inst/ten_gig_eth_pcs_pma_block_i/ten_gig_eth_pcs_pma_0_core/ten_gig_eth_pcs_pma_inst/G_IS_BASER.ten_gig_eth_pcs_pma_inst/BASER.ten_gig_eth_pcs_pma_inst/G_7SERIES_TXFIFO.txratefifo_i/asynch_fifo_i/wr_gray_rdclk0_reg[3]
  -------------------------------------------------------------------
                         required time                          6.308    
                         arrival time                          -0.589    
  -------------------------------------------------------------------
                         slack                                  5.719    





---------------------------------------------------------------------------------------------------
From Clock:  gt_refclk_p
  To Clock:  clk_100_unbuffered

Setup :            0  Failing Endpoints,  Worst Slack        2.534ns,  Total Violation        0.000ns
Hold  :           NA  Failing Endpoints,  Worst Slack           NA  ,  Total Violation           NA
---------------------------------------------------------------------------------------------------


Max Delay Paths
--------------------------------------------------------------------------------------
Slack (MET) :             2.534ns  (required time - arrival time)
  Source:                 pcs_pma/inst/ten_gig_eth_pcs_pma_block_i/ten_gig_eth_pcs_pma_0_core/ten_gig_eth_pcs_pma_inst/G_IS_BASER.ten_gig_eth_pcs_pma_inst/BASER.ten_gig_eth_pcs_pma_inst/management_inst/drp_ipif_i/synch_1/d_reg_reg[24]/C
                            (rising edge-triggered cell FDRE clocked by gt_refclk_p  {rise@0.000ns fall@3.200ns period=6.400ns})
  Destination:            pcs_pma/inst/ten_gig_eth_pcs_pma_block_i/ten_gig_eth_pcs_pma_0_core/ten_gig_eth_pcs_pma_inst/G_IS_BASER.ten_gig_eth_pcs_pma_inst/BASER.ten_gig_eth_pcs_pma_inst/management_inst/drp_ipif_i/synch_1/q_reg[24]/D
                            (rising edge-triggered cell FDRE clocked by clk_100_unbuffered  {rise@0.000ns fall@5.000ns period=10.000ns})
  Path Group:             clk_100_unbuffered
  Path Type:              Setup (Max at Slow Process Corner)
  Requirement:            3.100ns  (MaxDelay Path 3.100ns)
  Data Path Delay:        0.631ns  (logic 0.266ns (42.137%)  route 0.365ns (57.863%))
  Logic Levels:           1  (LUT4=1)
  Timing Exception:       MaxDelay Path 3.100ns -datapath_only

    Location             Delay type                Incr(ns)  Path(ns)    Netlist Resource(s)
  -------------------------------------------------------------------    -------------------
    SLICE_X219Y149                                    0.000     0.000 r  pcs_pma/inst/ten_gig_eth_pcs_pma_block_i/ten_gig_eth_pcs_pma_0_core/ten_gig_eth_pcs_pma_inst/G_IS_BASER.ten_gig_eth_pcs_pma_inst/BASER.ten_gig_eth_pcs_pma_inst/management_inst/drp_ipif_i/synch_1/d_reg_reg[24]/C
    SLICE_X219Y149       FDRE (Prop_fdre_C_Q)         0.223     0.223 r  pcs_pma/inst/ten_gig_eth_pcs_pma_block_i/ten_gig_eth_pcs_pma_0_core/ten_gig_eth_pcs_pma_inst/G_IS_BASER.ten_gig_eth_pcs_pma_inst/BASER.ten_gig_eth_pcs_pma_inst/management_inst/drp_ipif_i/synch_1/d_reg_reg[24]/Q
                         net (fo=1, routed)           0.365     0.588    pcs_pma/inst/ten_gig_eth_pcs_pma_block_i/ten_gig_eth_pcs_pma_0_core/ten_gig_eth_pcs_pma_inst/G_IS_BASER.ten_gig_eth_pcs_pma_inst/BASER.ten_gig_eth_pcs_pma_inst/management_inst/drp_ipif_i/synch_1/d_reg[24]
    SLICE_X220Y149       LUT4 (Prop_lut4_I0_O)        0.043     0.631 r  pcs_pma/inst/ten_gig_eth_pcs_pma_block_i/ten_gig_eth_pcs_pma_0_core/ten_gig_eth_pcs_pma_inst/G_IS_BASER.ten_gig_eth_pcs_pma_inst/BASER.ten_gig_eth_pcs_pma_inst/management_inst/drp_ipif_i/synch_1/q[24]_i_1/O
                         net (fo=1, routed)           0.000     0.631    pcs_pma/inst/ten_gig_eth_pcs_pma_block_i/ten_gig_eth_pcs_pma_0_core/ten_gig_eth_pcs_pma_inst/G_IS_BASER.ten_gig_eth_pcs_pma_inst/BASER.ten_gig_eth_pcs_pma_inst/management_inst/drp_ipif_i/synch_1/q[24]_i_1_n_0
    SLICE_X220Y149       FDRE                                         r  pcs_pma/inst/ten_gig_eth_pcs_pma_block_i/ten_gig_eth_pcs_pma_0_core/ten_gig_eth_pcs_pma_inst/G_IS_BASER.ten_gig_eth_pcs_pma_inst/BASER.ten_gig_eth_pcs_pma_inst/management_inst/drp_ipif_i/synch_1/q_reg[24]/D
  -------------------------------------------------------------------    -------------------

                         max delay                    3.100     3.100    
    SLICE_X220Y149       FDRE (Setup_fdre_C_D)        0.065     3.165    pcs_pma/inst/ten_gig_eth_pcs_pma_block_i/ten_gig_eth_pcs_pma_0_core/ten_gig_eth_pcs_pma_inst/G_IS_BASER.ten_gig_eth_pcs_pma_inst/BASER.ten_gig_eth_pcs_pma_inst/management_inst/drp_ipif_i/synch_1/q_reg[24]
  -------------------------------------------------------------------
                         required time                          3.165    
                         arrival time                          -0.631    
  -------------------------------------------------------------------
                         slack                                  2.534    





---------------------------------------------------------------------------------------------------
Path Group:  **async_default**
From Clock:  pcs_pma/inst/ten_gig_eth_pcs_pma_block_i/gt0_gtwizard_10gbaser_multi_gt_i/gt0_gtwizard_gth_10gbaser_i/gthe2_i/TXOUTCLK
  To Clock:  pcs_pma/inst/ten_gig_eth_pcs_pma_block_i/gt0_gtwizard_10gbaser_multi_gt_i/gt0_gtwizard_gth_10gbaser_i/gthe2_i/TXOUTCLK

Setup :            0  Failing Endpoints,  Worst Slack        2.327ns,  Total Violation        0.000ns
Hold  :            0  Failing Endpoints,  Worst Slack        0.252ns,  Total Violation        0.000ns
---------------------------------------------------------------------------------------------------


Max Delay Paths
--------------------------------------------------------------------------------------
Slack (MET) :             2.327ns  (required time - arrival time)
  Source:                 pcs_pma/inst/ten_gig_eth_pcs_pma_shared_clock_reset_block/gttxreset_txusrclk2_sync_i/data_out_reg/C
                            (rising edge-triggered cell FDRE clocked by pcs_pma/inst/ten_gig_eth_pcs_pma_block_i/gt0_gtwizard_10gbaser_multi_gt_i/gt0_gtwizard_gth_10gbaser_i/gthe2_i/TXOUTCLK  {rise@0.000ns fall@1.551ns period=3.103ns})
  Destination:            pcs_pma/inst/ten_gig_eth_pcs_pma_shared_clock_reset_block/txuserrdy_reg/CLR
                            (recovery check against rising-edge clock pcs_pma/inst/ten_gig_eth_pcs_pma_block_i/gt0_gtwizard_10gbaser_multi_gt_i/gt0_gtwizard_gth_10gbaser_i/gthe2_i/TXOUTCLK  {rise@0.000ns fall@1.551ns period=3.103ns})
  Path Group:             **async_default**
  Path Type:              Recovery (Max at Slow Process Corner)
  Requirement:            3.103ns  (pcs_pma/inst/ten_gig_eth_pcs_pma_block_i/gt0_gtwizard_10gbaser_multi_gt_i/gt0_gtwizard_gth_10gbaser_i/gthe2_i/TXOUTCLK rise@3.103ns - pcs_pma/inst/ten_gig_eth_pcs_pma_block_i/gt0_gtwizard_10gbaser_multi_gt_i/gt0_gtwizard_gth_10gbaser_i/gthe2_i/TXOUTCLK rise@0.000ns)
  Data Path Delay:        0.477ns  (logic 0.259ns (54.281%)  route 0.218ns (45.719%))
  Logic Levels:           0  
  Clock Path Skew:        -0.051ns (DCD - SCD + CPR)
    Destination Clock Delay (DCD):    3.487ns = ( 6.590 - 3.103 ) 
    Source Clock Delay      (SCD):    3.773ns
    Clock Pessimism Removal (CPR):    0.235ns
  Clock Uncertainty:      0.035ns  ((TSJ^2 + TIJ^2)^1/2 + DJ) / 2 + PE
    Total System Jitter     (TSJ):    0.071ns
    Total Input Jitter      (TIJ):    0.000ns
    Discrete Jitter          (DJ):    0.000ns
    Phase Error              (PE):    0.000ns

    Location             Delay type                Incr(ns)  Path(ns)    Netlist Resource(s)
  -------------------------------------------------------------------    -------------------
                         (clock pcs_pma/inst/ten_gig_eth_pcs_pma_block_i/gt0_gtwizard_10gbaser_multi_gt_i/gt0_gtwizard_gth_10gbaser_i/gthe2_i/TXOUTCLK rise edge)
                                                      0.000     0.000 r  
    GTHE2_CHANNEL_X1Y12  GTHE2_CHANNEL                0.000     0.000 r  pcs_pma/inst/ten_gig_eth_pcs_pma_block_i/gt0_gtwizard_10gbaser_multi_gt_i/gt0_gtwizard_gth_10gbaser_i/gthe2_i/TXOUTCLK
                         net (fo=1, routed)           2.024     2.024    pcs_pma/inst/ten_gig_eth_pcs_pma_shared_clock_reset_block/txoutclk
    BUFGCTRL_X0Y0        BUFG (Prop_bufg_I_O)         0.093     2.117 r  pcs_pma/inst/ten_gig_eth_pcs_pma_shared_clock_reset_block/txoutclk_bufg_i/O
                         net (fo=203, routed)         1.656     3.773    pcs_pma/inst/ten_gig_eth_pcs_pma_shared_clock_reset_block/gttxreset_txusrclk2_sync_i/CLK
    SLICE_X216Y168       FDRE                                         r  pcs_pma/inst/ten_gig_eth_pcs_pma_shared_clock_reset_block/gttxreset_txusrclk2_sync_i/data_out_reg/C
  -------------------------------------------------------------------    -------------------
    SLICE_X216Y168       FDRE (Prop_fdre_C_Q)         0.259     4.032 f  pcs_pma/inst/ten_gig_eth_pcs_pma_shared_clock_reset_block/gttxreset_txusrclk2_sync_i/data_out_reg/Q
                         net (fo=1, routed)           0.218     4.250    pcs_pma/inst/ten_gig_eth_pcs_pma_shared_clock_reset_block/gttxreset_txusrclk2
    SLICE_X215Y168       FDCE                                         f  pcs_pma/inst/ten_gig_eth_pcs_pma_shared_clock_reset_block/txuserrdy_reg/CLR
  -------------------------------------------------------------------    -------------------

                         (clock pcs_pma/inst/ten_gig_eth_pcs_pma_block_i/gt0_gtwizard_10gbaser_multi_gt_i/gt0_gtwizard_gth_10gbaser_i/gthe2_i/TXOUTCLK rise edge)
                                                      3.103     3.103 r  
    GTHE2_CHANNEL_X1Y12  GTHE2_CHANNEL                0.000     3.103 r  pcs_pma/inst/ten_gig_eth_pcs_pma_block_i/gt0_gtwizard_10gbaser_multi_gt_i/gt0_gtwizard_gth_10gbaser_i/gthe2_i/TXOUTCLK
                         net (fo=1, routed)           1.887     4.990    pcs_pma/inst/ten_gig_eth_pcs_pma_shared_clock_reset_block/txoutclk
    BUFGCTRL_X0Y0        BUFG (Prop_bufg_I_O)         0.083     5.073 r  pcs_pma/inst/ten_gig_eth_pcs_pma_shared_clock_reset_block/txoutclk_bufg_i/O
                         net (fo=203, routed)         1.517     6.590    pcs_pma/inst/ten_gig_eth_pcs_pma_shared_clock_reset_block/CLK
    SLICE_X215Y168       FDCE                                         r  pcs_pma/inst/ten_gig_eth_pcs_pma_shared_clock_reset_block/txuserrdy_reg/C
                         clock pessimism              0.235     6.825    
                         clock uncertainty           -0.035     6.790    
    SLICE_X215Y168       FDCE (Recov_fdce_C_CLR)     -0.212     6.578    pcs_pma/inst/ten_gig_eth_pcs_pma_shared_clock_reset_block/txuserrdy_reg
  -------------------------------------------------------------------
                         required time                          6.578    
                         arrival time                          -4.250    
  -------------------------------------------------------------------
                         slack                                  2.327    





Min Delay Paths
--------------------------------------------------------------------------------------
Slack (MET) :             0.252ns  (arrival time - required time)
  Source:                 pcs_pma/inst/ten_gig_eth_pcs_pma_shared_clock_reset_block/gttxreset_txusrclk2_sync_i/data_out_reg/C
                            (rising edge-triggered cell FDRE clocked by pcs_pma/inst/ten_gig_eth_pcs_pma_block_i/gt0_gtwizard_10gbaser_multi_gt_i/gt0_gtwizard_gth_10gbaser_i/gthe2_i/TXOUTCLK  {rise@0.000ns fall@1.551ns period=3.103ns})
  Destination:            pcs_pma/inst/ten_gig_eth_pcs_pma_shared_clock_reset_block/txuserrdy_reg/CLR
                            (removal check against rising-edge clock pcs_pma/inst/ten_gig_eth_pcs_pma_block_i/gt0_gtwizard_10gbaser_multi_gt_i/gt0_gtwizard_gth_10gbaser_i/gthe2_i/TXOUTCLK  {rise@0.000ns fall@1.551ns period=3.103ns})
  Path Group:             **async_default**
  Path Type:              Removal (Min at Fast Process Corner)
  Requirement:            0.000ns  (pcs_pma/inst/ten_gig_eth_pcs_pma_block_i/gt0_gtwizard_10gbaser_multi_gt_i/gt0_gtwizard_gth_10gbaser_i/gthe2_i/TXOUTCLK rise@0.000ns - pcs_pma/inst/ten_gig_eth_pcs_pma_block_i/gt0_gtwizard_10gbaser_multi_gt_i/gt0_gtwizard_gth_10gbaser_i/gthe2_i/TXOUTCLK rise@0.000ns)
  Data Path Delay:        0.218ns  (logic 0.118ns (54.091%)  route 0.100ns (45.909%))
  Logic Levels:           0  
  Clock Path Skew:        0.035ns (DCD - SCD - CPR)
    Destination Clock Delay (DCD):    1.993ns
    Source Clock Delay      (SCD):    1.679ns
    Clock Pessimism Removal (CPR):    0.279ns

    Location             Delay type                Incr(ns)  Path(ns)    Netlist Resource(s)
  -------------------------------------------------------------------    -------------------
                         (clock pcs_pma/inst/ten_gig_eth_pcs_pma_block_i/gt0_gtwizard_10gbaser_multi_gt_i/gt0_gtwizard_gth_10gbaser_i/gthe2_i/TXOUTCLK rise edge)
                                                      0.000     0.000 r  
    GTHE2_CHANNEL_X1Y12  GTHE2_CHANNEL                0.000     0.000 r  pcs_pma/inst/ten_gig_eth_pcs_pma_block_i/gt0_gtwizard_10gbaser_multi_gt_i/gt0_gtwizard_gth_10gbaser_i/gthe2_i/TXOUTCLK
                         net (fo=1, routed)           0.901     0.901    pcs_pma/inst/ten_gig_eth_pcs_pma_shared_clock_reset_block/txoutclk
    BUFGCTRL_X0Y0        BUFG (Prop_bufg_I_O)         0.026     0.927 r  pcs_pma/inst/ten_gig_eth_pcs_pma_shared_clock_reset_block/txoutclk_bufg_i/O
                         net (fo=203, routed)         0.752     1.679    pcs_pma/inst/ten_gig_eth_pcs_pma_shared_clock_reset_block/gttxreset_txusrclk2_sync_i/CLK
    SLICE_X216Y168       FDRE                                         r  pcs_pma/inst/ten_gig_eth_pcs_pma_shared_clock_reset_block/gttxreset_txusrclk2_sync_i/data_out_reg/C
  -------------------------------------------------------------------    -------------------
    SLICE_X216Y168       FDRE (Prop_fdre_C_Q)         0.118     1.797 f  pcs_pma/inst/ten_gig_eth_pcs_pma_shared_clock_reset_block/gttxreset_txusrclk2_sync_i/data_out_reg/Q
                         net (fo=1, routed)           0.100     1.897    pcs_pma/inst/ten_gig_eth_pcs_pma_shared_clock_reset_block/gttxreset_txusrclk2
    SLICE_X215Y168       FDCE                                         f  pcs_pma/inst/ten_gig_eth_pcs_pma_shared_clock_reset_block/txuserrdy_reg/CLR
  -------------------------------------------------------------------    -------------------

                         (clock pcs_pma/inst/ten_gig_eth_pcs_pma_block_i/gt0_gtwizard_10gbaser_multi_gt_i/gt0_gtwizard_gth_10gbaser_i/gthe2_i/TXOUTCLK rise edge)
                                                      0.000     0.000 r  
    GTHE2_CHANNEL_X1Y12  GTHE2_CHANNEL                0.000     0.000 r  pcs_pma/inst/ten_gig_eth_pcs_pma_block_i/gt0_gtwizard_10gbaser_multi_gt_i/gt0_gtwizard_gth_10gbaser_i/gthe2_i/TXOUTCLK
                         net (fo=1, routed)           0.988     0.988    pcs_pma/inst/ten_gig_eth_pcs_pma_shared_clock_reset_block/txoutclk
    BUFGCTRL_X0Y0        BUFG (Prop_bufg_I_O)         0.030     1.018 r  pcs_pma/inst/ten_gig_eth_pcs_pma_shared_clock_reset_block/txoutclk_bufg_i/O
                         net (fo=203, routed)         0.975     1.993    pcs_pma/inst/ten_gig_eth_pcs_pma_shared_clock_reset_block/CLK
    SLICE_X215Y168       FDCE                                         r  pcs_pma/inst/ten_gig_eth_pcs_pma_shared_clock_reset_block/txuserrdy_reg/C
                         clock pessimism             -0.279     1.714    
    SLICE_X215Y168       FDCE (Remov_fdce_C_CLR)     -0.069     1.645    pcs_pma/inst/ten_gig_eth_pcs_pma_shared_clock_reset_block/txuserrdy_reg
  -------------------------------------------------------------------
                         required time                         -1.645    
                         arrival time                           1.897    
  -------------------------------------------------------------------
                         slack                                  0.252    





